location,age_group,year,week,date,value_0w,value_1w,value_2w,value_3w,value_4w,value_5w,value_6w,value_7w,value_8w,value_9w,value_10w,value_>10w
DE,00+,2021,44,2021-11-07,51,2,0,0,0,0,0,0,0,0,0,3
DE,00+,2021,45,2021-11-14,62,0,0,0,0,0,0,0,0,0,0,7
DE,00+,2021,46,2021-11-21,52,0,0,0,0,0,0,0,0,0,0,5
DE,00+,2021,47,2021-11-28,45,0,0,0,0,0,0,0,0,0,0,21
DE,00+,2021,48,2021-12-05,37,0,0,0,0,0,0,0,0,0,0,21
DE,00+,2021,49,2021-12-12,13,1,0,0,0,0,0,0,0,0,2,39
DE,00+,2021,50,2021-12-19,10,0,0,0,0,0,0,0,0,4,36,1
DE,00+,2021,51,2021-12-26,8,2,0,0,0,0,0,0,3,50,0,3
DE,00+,2021,52,2022-01-02,5,1,0,0,0,0,0,1,52,0,0,3
DE,00+,2022,1,2022-01-09,10,0,1,0,0,1,3,33,0,1,1,2
DE,00+,2022,2,2022-01-16,6,0,0,0,0,0,39,3,0,0,0,0
DE,00+,2022,3,2022-01-23,7,0,0,0,1,21,1,0,0,0,0,0
DE,00+,2022,4,2022-01-30,8,0,0,0,22,2,0,1,0,0,0,1
DE,00+,2022,5,2022-02-06,8,0,1,22,4,0,1,0,0,0,0,3
DE,00+,2022,6,2022-02-13,3,0,31,2,1,1,0,0,0,0,0,1
DE,00+,2022,7,2022-02-20,19,14,2,0,5,0,0,0,0,0,1,1
DE,00+,2022,8,2022-02-27,23,5,0,2,0,0,0,0,1,0,0,2
DE,00+,2022,9,2022-03-06,49,0,0,2,0,0,0,0,0,0,0,1
DE,00+,2022,10,2022-03-13,45,3,0,0,0,0,0,0,0,0,0,0
DE,00+,2022,11,2022-03-20,39,7,0,0,0,0,0,0,0,1,0,3
DE,00+,2022,12,2022-03-27,46,7,0,0,0,0,0,0,0,0,0,2
DE,00+,2022,13,2022-04-03,54,4,0,0,0,0,0,0,0,0,0,1
DE,00+,2022,14,2022-04-10,46,7,0,0,0,0,0,0,0,0,0,1
DE,00+,2022,15,2022-04-17,45,4,1,1,0,0,0,0,0,1,0,3
DE,00+,2022,16,2022-04-24,48,5,2,1,1,0,0,0,0,0,0,0
DE,00+,2022,17,2022-05-01,77,6,0,1,0,0,0,0,0,0,0,3
DE,00+,2022,18,2022-05-08,75,1,2,0,0,0,0,0,0,0,0,3
DE,00+,2022,19,2022-05-15,55,5,0,0,0,0,0,0,0,0,0,1
DE,00+,2022,20,2022-05-22,62,3,0,0,0,0,0,0,1,0,0,1
DE,00+,2022,21,2022-05-29,36,9,0,1,0,0,0,0,0,0,0,0
DE,00+,2022,22,2022-06-05,60,3,1,0,1,0,1,0,0,1,0,1
DE,00+,2022,23,2022-06-12,56,4,0,1,1,1,0,0,0,0,0,0
DE,00+,2022,24,2022-06-19,56,3,1,0,1,0,0,3,0,0,0,0
DE,00+,2022,25,2022-06-26,55,5,0,0,0,0,0,0,0,0,0,0
DE,00+,2022,26,2022-07-03,55,3,0,0,1,0,0,0,0,0,0,1
DE,00+,2022,27,2022-07-10,31,3,0,0,0,0,1,0,0,0,0,1
DE,00+,2022,28,2022-07-17,47,7,0,1,0,0,0,0,0,0,0,0
DE,00+,2022,29,2022-07-24,40,7,3,0,0,0,0,0,0,0,0,0
DE,00+,2022,30,2022-07-31,40,6,1,0,0,0,0,0,0,0,0,0
DE,00+,2022,31,2022-08-07,44,2,0,0,0,0,1,0,0,0,0,0
DE,00+,2022,32,2022-08-14,41,4,0,0,0,0,0,0,0,0,0,0
DE,00+,2022,33,2022-08-21,41,4,0,0,0,0,0,0,0,0,0,0
DE,00+,2022,34,2022-08-28,26,6,1,0,0,0,0,0,0,0,0,0
DE,00+,2022,35,2022-09-04,27,2,1,0,0,0,0,0,0,0,0,1
DE,00+,2022,36,2022-09-11,45,3,0,0,0,0,0,0,0,0,0,0
DE,00+,2022,37,2022-09-18,44,3,1,0,0,0,0,0,0,0,0,0
DE,00+,2022,38,2022-09-25,46,3,0,0,0,0,0,0,0,0,0,0
DE,00+,2022,39,2022-10-02,67,1,0,0,1,1,1,0,0,0,0,0
DE,00+,2022,40,2022-10-09,78,7,0,1,0,0,2,0,0,0,0,1
DE,00+,2022,41,2022-10-16,97,10,2,0,1,0,0,0,0,1,0,0
DE,00+,2022,42,2022-10-23,94,5,1,0,1,0,0,0,0,0,0,0
DE,00+,2022,43,2022-10-30,80,5,2,0,0,0,0,0,0,0,0,0
DE,00+,2022,44,2022-11-06,76,8,1,1,0,0,0,0,0,0,1,0
DE,00+,2022,45,2022-11-13,90,13,2,0,1,0,0,0,0,0,1,0
DE,00+,2022,46,2022-11-20,75,5,0,0,0,0,0,0,1,0,,
DE,00+,2022,47,2022-11-27,85,10,1,0,1,0,0,0,0,,,
DE,00+,2022,48,2022-12-04,144,15,0,0,0,2,0,0,,,,
DE,00+,2022,49,2022-12-11,156,15,0,1,0,0,0,,,,,
DE,00+,2022,50,2022-12-18,209,19,3,3,0,2,,,,,,
DE,00+,2022,51,2022-12-25,244,21,4,4,0,,,,,,,
DE,00+,2022,52,2023-01-01,261,20,2,2,,,,,,,,
DE,00+,2023,1,2023-01-08,377,24,2,,,,,,,,,
DE,00+,2023,2,2023-01-15,234,14,,,,,,,,,,
DE,00+,2023,3,2023-01-22,117,,,,,,,,,,,
DE,00-04,2021,44,2021-11-07,2,0,0,0,0,0,0,0,0,0,0,0
DE,00-04,2021,45,2021-11-14,6,0,0,0,0,0,0,0,0,0,0,0
DE,00-04,2021,46,2021-11-21,2,0,0,0,0,0,0,0,0,0,0,0
DE,00-04,2021,47,2021-11-28,4,0,0,0,0,0,0,0,0,0,0,2
DE,00-04,2021,48,2021-12-05,0,0,0,0,0,0,0,0,0,0,0,1
DE,00-04,2021,49,2021-12-12,0,0,0,0,0,0,0,0,0,0,0,4
DE,00-04,2021,50,2021-12-19,1,0,0,0,0,0,0,0,0,1,0,0
DE,00-04,2021,51,2021-12-26,1,1,0,0,0,0,0,0,0,0,0,0
DE,00-04,2021,52,2022-01-02,1,0,0,0,0,0,0,0,1,0,0,0
DE,00-04,2022,1,2022-01-09,0,0,0,0,0,0,0,0,0,0,0,0
DE,00-04,2022,2,2022-01-16,1,0,0,0,0,0,1,0,0,0,0,0
DE,00-04,2022,3,2022-01-23,0,0,0,0,0,0,0,0,0,0,0,0
DE,00-04,2022,4,2022-01-30,0,0,0,0,0,0,0,0,0,0,0,0
DE,00-04,2022,5,2022-02-06,0,0,0,0,0,0,0,0,0,0,0,0
DE,00-04,2022,6,2022-02-13,0,0,1,0,0,0,0,0,0,0,0,0
DE,00-04,2022,7,2022-02-20,1,0,0,0,1,0,0,0,0,0,0,0
DE,00-04,2022,8,2022-02-27,1,0,0,0,0,0,0,0,0,0,0,0
DE,00-04,2022,9,2022-03-06,1,0,0,0,0,0,0,0,0,0,0,0
DE,00-04,2022,10,2022-03-13,1,0,0,0,0,0,0,0,0,0,0,0
DE,00-04,2022,11,2022-03-20,1,1,0,0,0,0,0,0,0,0,0,0
DE,00-04,2022,12,2022-03-27,3,0,0,0,0,0,0,0,0,0,0,0
DE,00-04,2022,13,2022-04-03,2,0,0,0,0,0,0,0,0,0,0,0
DE,00-04,2022,14,2022-04-10,2,0,0,0,0,0,0,0,0,0,0,0
DE,00-04,2022,15,2022-04-17,2,0,0,0,0,0,0,0,0,0,0,0
DE,00-04,2022,16,2022-04-24,3,0,0,0,0,0,0,0,0,0,0,0
DE,00-04,2022,17,2022-05-01,0,0,0,0,0,0,0,0,0,0,0,0
DE,00-04,2022,18,2022-05-08,2,0,0,0,0,0,0,0,0,0,0,0
DE,00-04,2022,19,2022-05-15,2,0,0,0,0,0,0,0,0,0,0,0
DE,00-04,2022,20,2022-05-22,0,0,0,0,0,0,0,0,0,0,0,0
DE,00-04,2022,21,2022-05-29,1,1,0,0,0,0,0,0,0,0,0,0
DE,00-04,2022,22,2022-06-05,2,1,1,0,0,0,0,0,0,0,0,0
DE,00-04,2022,23,2022-06-12,2,0,0,0,0,0,0,0,0,0,0,0
DE,00-04,2022,24,2022-06-19,0,0,0,0,0,0,0,0,0,0,0,0
DE,00-04,2022,25,2022-06-26,1,1,0,0,0,0,0,0,0,0,0,0
DE,00-04,2022,26,2022-07-03,4,0,0,0,0,0,0,0,0,0,0,0
DE,00-04,2022,27,2022-07-10,0,0,0,0,0,0,0,0,0,0,0,0
DE,00-04,2022,28,2022-07-17,1,2,0,0,0,0,0,0,0,0,0,0
DE,00-04,2022,29,2022-07-24,2,1,0,0,0,0,0,0,0,0,0,0
DE,00-04,2022,30,2022-07-31,0,0,0,0,0,0,0,0,0,0,0,0
DE,00-04,2022,31,2022-08-07,3,0,0,0,0,0,0,0,0,0,0,0
DE,00-04,2022,32,2022-08-14,0,0,0,0,0,0,0,0,0,0,0,0
DE,00-04,2022,33,2022-08-21,1,0,0,0,0,0,0,0,0,0,0,0
DE,00-04,2022,34,2022-08-28,1,0,1,0,0,0,0,0,0,0,0,0
DE,00-04,2022,35,2022-09-04,0,0,0,0,0,0,0,0,0,0,0,0
DE,00-04,2022,36,2022-09-11,1,0,0,0,0,0,0,0,0,0,0,0
DE,00-04,2022,37,2022-09-18,3,0,0,0,0,0,0,0,0,0,0,0
DE,00-04,2022,38,2022-09-25,3,0,0,0,0,0,0,0,0,0,0,0
DE,00-04,2022,39,2022-10-02,3,0,0,0,0,0,0,0,0,0,0,0
DE,00-04,2022,40,2022-10-09,4,0,0,0,0,0,0,0,0,0,0,0
DE,00-04,2022,41,2022-10-16,1,0,0,0,0,0,0,0,0,1,0,0
DE,00-04,2022,42,2022-10-23,4,0,0,0,0,0,0,0,0,0,0,0
DE,00-04,2022,43,2022-10-30,4,0,0,0,0,0,0,0,0,0,0,0
DE,00-04,2022,44,2022-11-06,5,1,0,0,0,0,0,0,0,0,0,0
DE,00-04,2022,45,2022-11-13,2,1,0,0,0,0,0,0,0,0,0,0
DE,00-04,2022,46,2022-11-20,6,0,0,0,0,0,0,0,0,0,,
DE,00-04,2022,47,2022-11-27,5,0,0,0,0,0,0,0,0,,,
DE,00-04,2022,48,2022-12-04,4,0,0,0,0,0,0,0,,,,
DE,00-04,2022,49,2022-12-11,6,0,0,0,0,0,0,,,,,
DE,00-04,2022,50,2022-12-18,9,0,0,1,0,0,,,,,,
DE,00-04,2022,51,2022-12-25,6,1,0,0,0,,,,,,,
DE,00-04,2022,52,2023-01-01,6,0,0,0,,,,,,,,
DE,00-04,2023,1,2023-01-08,8,0,0,,,,,,,,,
DE,00-04,2023,2,2023-01-15,6,0,,,,,,,,,,
DE,00-04,2023,3,2023-01-22,2,,,,,,,,,,,
DE,05-14,2021,44,2021-11-07,0,0,0,0,0,0,0,0,0,0,0,0
DE,05-14,2021,45,2021-11-14,1,0,0,0,0,0,0,0,0,0,0,0
DE,05-14,2021,46,2021-11-21,1,0,0,0,0,0,0,0,0,0,0,0
DE,05-14,2021,47,2021-11-28,1,0,0,0,0,0,0,0,0,0,0,0
DE,05-14,2021,48,2021-12-05,2,0,0,0,0,0,0,0,0,0,0,0
DE,05-14,2021,49,2021-12-12,0,0,0,0,0,0,0,0,0,0,0,0
DE,05-14,2021,50,2021-12-19,0,0,0,0,0,0,0,0,0,0,0,0
DE,05-14,2021,51,2021-12-26,0,0,0,0,0,0,0,0,0,0,0,0
DE,05-14,2021,52,2022-01-02,0,0,0,0,0,0,0,0,0,0,0,0
DE,05-14,2022,1,2022-01-09,0,0,0,0,0,0,0,0,0,0,0,0
DE,05-14,2022,2,2022-01-16,0,0,0,0,0,0,0,0,0,0,0,0
DE,05-14,2022,3,2022-01-23,1,0,0,0,0,0,0,0,0,0,0,0
DE,05-14,2022,4,2022-01-30,0,0,0,0,0,0,0,0,0,0,0,0
DE,05-14,2022,5,2022-02-06,0,0,0,0,0,0,0,0,0,0,0,0
DE,05-14,2022,6,2022-02-13,1,0,1,0,0,0,0,0,0,0,0,0
DE,05-14,2022,7,2022-02-20,0,0,0,0,0,0,0,0,0,0,0,0
DE,05-14,2022,8,2022-02-27,0,0,0,0,0,0,0,0,0,0,0,0
DE,05-14,2022,9,2022-03-06,2,0,0,0,0,0,0,0,0,0,0,0
DE,05-14,2022,10,2022-03-13,0,0,0,0,0,0,0,0,0,0,0,0
DE,05-14,2022,11,2022-03-20,1,1,0,0,0,0,0,0,0,0,0,0
DE,05-14,2022,12,2022-03-27,0,0,0,0,0,0,0,0,0,0,0,0
DE,05-14,2022,13,2022-04-03,1,0,0,0,0,0,0,0,0,0,0,0
DE,05-14,2022,14,2022-04-10,1,1,0,0,0,0,0,0,0,0,0,0
DE,05-14,2022,15,2022-04-17,0,0,0,0,0,0,0,0,0,0,0,0
DE,05-14,2022,16,2022-04-24,0,1,0,0,0,0,0,0,0,0,0,0
DE,05-14,2022,17,2022-05-01,1,0,0,0,0,0,0,0,0,0,0,0
DE,05-14,2022,18,2022-05-08,1,1,0,0,0,0,0,0,0,0,0,0
DE,05-14,2022,19,2022-05-15,0,0,0,0,0,0,0,0,0,0,0,0
DE,05-14,2022,20,2022-05-22,0,0,0,0,0,0,0,0,0,0,0,0
DE,05-14,2022,21,2022-05-29,1,0,0,0,0,0,0,0,0,0,0,0
DE,05-14,2022,22,2022-06-05,2,0,0,0,0,0,0,0,0,0,0,0
DE,05-14,2022,23,2022-06-12,1,1,0,0,0,0,0,0,0,0,0,0
DE,05-14,2022,24,2022-06-19,0,0,0,0,0,0,0,0,0,0,0,0
DE,05-14,2022,25,2022-06-26,0,0,0,0,0,0,0,0,0,0,0,0
DE,05-14,2022,26,2022-07-03,0,0,0,0,0,0,0,0,0,0,0,0
DE,05-14,2022,27,2022-07-10,0,0,0,0,0,0,0,0,0,0,0,0
DE,05-14,2022,28,2022-07-17,1,0,0,0,0,0,0,0,0,0,0,0
DE,05-14,2022,29,2022-07-24,0,0,0,0,0,0,0,0,0,0,0,0
DE,05-14,2022,30,2022-07-31,0,0,0,0,0,0,0,0,0,0,0,0
DE,05-14,2022,31,2022-08-07,0,0,0,0,0,0,0,0,0,0,0,0
DE,05-14,2022,32,2022-08-14,1,0,0,0,0,0,0,0,0,0,0,0
DE,05-14,2022,33,2022-08-21,1,0,0,0,0,0,0,0,0,0,0,0
DE,05-14,2022,34,2022-08-28,0,0,0,0,0,0,0,0,0,0,0,0
DE,05-14,2022,35,2022-09-04,0,0,0,0,0,0,0,0,0,0,0,0
DE,05-14,2022,36,2022-09-11,0,0,0,0,0,0,0,0,0,0,0,0
DE,05-14,2022,37,2022-09-18,0,0,0,0,0,0,0,0,0,0,0,0
DE,05-14,2022,38,2022-09-25,0,0,0,0,0,0,0,0,0,0,0,0
DE,05-14,2022,39,2022-10-02,1,0,0,0,0,0,0,0,0,0,0,0
DE,05-14,2022,40,2022-10-09,0,0,0,0,0,0,0,0,0,0,0,0
DE,05-14,2022,41,2022-10-16,2,0,0,0,0,0,0,0,0,0,0,0
DE,05-14,2022,42,2022-10-23,0,0,0,0,0,0,0,0,0,0,0,0
DE,05-14,2022,43,2022-10-30,2,0,0,0,0,0,0,0,0,0,0,0
DE,05-14,2022,44,2022-11-06,1,0,0,0,0,0,0,0,0,0,0,0
DE,05-14,2022,45,2022-11-13,1,0,0,0,0,0,0,0,0,0,0,0
DE,05-14,2022,46,2022-11-20,0,0,0,0,0,0,0,0,0,0,,
DE,05-14,2022,47,2022-11-27,3,0,0,0,0,0,0,0,0,,,
DE,05-14,2022,48,2022-12-04,2,0,0,0,0,0,0,0,,,,
DE,05-14,2022,49,2022-12-11,2,0,0,0,0,0,0,,,,,
DE,05-14,2022,50,2022-12-18,8,1,0,0,0,0,,,,,,
DE,05-14,2022,51,2022-12-25,11,0,0,0,0,,,,,,,
DE,05-14,2022,52,2023-01-01,4,0,0,0,,,,,,,,
DE,05-14,2023,1,2023-01-08,8,0,0,,,,,,,,,
DE,05-14,2023,2,2023-01-15,4,0,,,,,,,,,,
DE,05-14,2023,3,2023-01-22,0,,,,,,,,,,,
DE,15-34,2021,44,2021-11-07,1,0,0,0,0,0,0,0,0,0,0,0
DE,15-34,2021,45,2021-11-14,1,0,0,0,0,0,0,0,0,0,0,0
DE,15-34,2021,46,2021-11-21,3,0,1,0,0,0,0,0,0,0,0,0
DE,15-34,2021,47,2021-11-28,0,0,0,0,0,0,0,0,0,0,0,1
DE,15-34,2021,48,2021-12-05,2,0,0,0,0,0,0,0,0,0,0,2
DE,15-34,2021,49,2021-12-12,0,0,0,0,0,0,0,0,0,0,0,1
DE,15-34,2021,50,2021-12-19,2,0,0,0,0,0,0,0,0,0,3,0
DE,15-34,2021,51,2021-12-26,0,0,0,0,0,0,0,0,0,0,0,0
DE,15-34,2021,52,2022-01-02,0,0,0,0,0,0,0,0,1,0,0,0
DE,15-34,2022,1,2022-01-09,1,0,0,0,0,0,0,0,0,0,0,1
DE,15-34,2022,2,2022-01-16,0,0,0,0,0,0,1,0,0,0,0,0
DE,15-34,2022,3,2022-01-23,0,0,0,0,0,0,0,0,0,0,0,0
DE,15-34,2022,4,2022-01-30,0,0,0,0,0,0,0,0,0,0,0,0
DE,15-34,2022,5,2022-02-06,0,0,0,1,1,0,0,0,0,0,0,0
DE,15-34,2022,6,2022-02-13,0,0,1,1,0,0,0,0,0,0,0,0
DE,15-34,2022,7,2022-02-20,2,0,0,0,0,0,0,0,0,0,0,0
DE,15-34,2022,8,2022-02-27,0,0,0,0,0,0,0,0,0,0,0,0
DE,15-34,2022,9,2022-03-06,1,0,0,0,0,0,0,0,0,0,0,0
DE,15-34,2022,10,2022-03-13,2,0,0,0,0,0,0,0,0,0,0,0
DE,15-34,2022,11,2022-03-20,2,0,0,0,0,0,0,0,0,0,0,1
DE,15-34,2022,12,2022-03-27,2,0,0,0,0,0,0,0,0,0,0,0
DE,15-34,2022,13,2022-04-03,2,0,0,0,0,0,0,0,0,0,0,0
DE,15-34,2022,14,2022-04-10,2,1,0,0,0,0,0,0,0,0,0,0
DE,15-34,2022,15,2022-04-17,3,0,0,0,0,0,0,0,0,0,0,0
DE,15-34,2022,16,2022-04-24,0,0,0,0,0,0,0,0,0,0,0,0
DE,15-34,2022,17,2022-05-01,2,0,0,0,0,0,0,0,0,0,0,0
DE,15-34,2022,18,2022-05-08,6,0,0,0,0,0,0,0,0,0,0,0
DE,15-34,2022,19,2022-05-15,2,0,0,0,0,0,0,0,0,0,0,0
DE,15-34,2022,20,2022-05-22,4,0,0,0,0,0,0,0,0,0,0,0
DE,15-34,2022,21,2022-05-29,1,0,0,0,0,0,0,0,0,0,0,0
DE,15-34,2022,22,2022-06-05,3,1,0,0,0,0,0,0,0,0,0,0
DE,15-34,2022,23,2022-06-12,4,1,0,0,0,0,0,0,0,0,0,0
DE,15-34,2022,24,2022-06-19,3,0,1,0,0,0,0,0,0,0,0,0
DE,15-34,2022,25,2022-06-26,3,1,0,0,0,0,0,0,0,0,0,0
DE,15-34,2022,26,2022-07-03,5,0,0,0,0,0,0,0,0,0,0,0
DE,15-34,2022,27,2022-07-10,1,1,0,0,0,0,0,0,0,0,0,0
DE,15-34,2022,28,2022-07-17,1,0,0,0,0,0,0,0,0,0,0,0
DE,15-34,2022,29,2022-07-24,2,0,1,0,0,0,0,0,0,0,0,0
DE,15-34,2022,30,2022-07-31,0,1,0,0,0,0,0,0,0,0,0,0
DE,15-34,2022,31,2022-08-07,4,0,0,0,0,1,0,0,0,0,0,0
DE,15-34,2022,32,2022-08-14,1,0,0,0,0,0,0,0,0,0,0,0
DE,15-34,2022,33,2022-08-21,5,1,0,0,0,0,0,0,0,0,0,0
DE,15-34,2022,34,2022-08-28,0,0,0,0,0,0,0,0,0,0,0,0
DE,15-34,2022,35,2022-09-04,2,0,0,0,0,0,0,0,0,0,0,1
DE,15-34,2022,36,2022-09-11,0,0,0,0,0,0,0,0,0,0,0,0
DE,15-34,2022,37,2022-09-18,2,0,0,0,0,0,0,0,0,0,0,0
DE,15-34,2022,38,2022-09-25,1,0,0,0,0,0,0,0,0,0,0,0
DE,15-34,2022,39,2022-10-02,0,0,0,0,0,0,0,0,0,0,0,0
DE,15-34,2022,40,2022-10-09,1,0,0,0,0,0,0,0,0,0,0,0
DE,15-34,2022,41,2022-10-16,4,1,0,0,0,0,0,0,0,0,0,0
DE,15-34,2022,42,2022-10-23,2,0,0,0,0,0,0,0,0,0,0,0
DE,15-34,2022,43,2022-10-30,4,0,0,0,0,0,0,0,0,0,0,0
DE,15-34,2022,44,2022-11-06,2,0,0,0,0,0,0,0,0,0,0,0
DE,15-34,2022,45,2022-11-13,4,1,0,0,0,0,0,0,0,0,0,0
DE,15-34,2022,46,2022-11-20,0,0,0,0,0,0,0,0,0,0,,
DE,15-34,2022,47,2022-11-27,5,1,0,0,0,0,0,0,0,,,
DE,15-34,2022,48,2022-12-04,6,0,0,0,0,0,0,0,,,,
DE,15-34,2022,49,2022-12-11,17,0,0,1,0,0,0,,,,,
DE,15-34,2022,50,2022-12-18,5,2,0,0,0,0,,,,,,
DE,15-34,2022,51,2022-12-25,10,0,0,1,0,,,,,,,
DE,15-34,2022,52,2023-01-01,9,2,0,1,,,,,,,,
DE,15-34,2023,1,2023-01-08,10,0,0,,,,,,,,,
DE,15-34,2023,2,2023-01-15,4,1,,,,,,,,,,
DE,15-34,2023,3,2023-01-22,8,,,,,,,,,,,
DE,35-59,2021,44,2021-11-07,10,0,0,0,0,0,0,0,0,0,0,0
DE,35-59,2021,45,2021-11-14,9,0,0,0,0,0,0,0,0,0,0,1
DE,35-59,2021,46,2021-11-21,10,1,0,0,0,0,0,0,0,0,0,2
DE,35-59,2021,47,2021-11-28,6,0,0,0,1,0,0,0,0,0,0,2
DE,35-59,2021,48,2021-12-05,8,0,0,0,0,0,0,0,0,0,0,3
DE,35-59,2021,49,2021-12-12,3,0,0,0,0,0,0,0,0,0,1,6
DE,35-59,2021,50,2021-12-19,1,0,0,0,0,0,0,0,0,0,9,0
DE,35-59,2021,51,2021-12-26,1,0,0,0,0,0,0,0,0,15,0,0
DE,35-59,2021,52,2022-01-02,2,0,0,0,0,0,0,0,12,0,0,0
DE,35-59,2022,1,2022-01-09,0,0,0,0,0,0,1,4,0,1,0,0
DE,35-59,2022,2,2022-01-16,1,0,0,0,0,0,12,1,0,0,0,0
DE,35-59,2022,3,2022-01-23,3,0,0,0,1,9,1,0,0,0,0,0
DE,35-59,2022,4,2022-01-30,1,0,0,0,5,1,0,0,0,0,0,0
DE,35-59,2022,5,2022-02-06,3,0,0,9,0,0,1,0,0,0,0,1
DE,35-59,2022,6,2022-02-13,0,0,10,0,0,0,0,0,0,0,0,1
DE,35-59,2022,7,2022-02-20,3,1,0,0,1,0,0,0,0,0,0,1
DE,35-59,2022,8,2022-02-27,6,1,0,0,0,0,0,0,0,0,0,0
DE,35-59,2022,9,2022-03-06,10,0,0,0,0,0,0,0,0,0,0,1
DE,35-59,2022,10,2022-03-13,11,0,0,0,0,0,0,0,0,0,0,0
DE,35-59,2022,11,2022-03-20,12,0,0,0,0,0,0,0,0,0,0,1
DE,35-59,2022,12,2022-03-27,11,2,0,0,0,0,0,0,0,0,0,0
DE,35-59,2022,13,2022-04-03,16,0,0,0,0,0,0,0,0,0,0,0
DE,35-59,2022,14,2022-04-10,13,1,0,0,0,0,0,0,0,0,0,0
DE,35-59,2022,15,2022-04-17,7,0,0,1,0,0,0,0,0,0,0,1
DE,35-59,2022,16,2022-04-24,10,1,1,0,1,0,0,0,0,0,0,0
DE,35-59,2022,17,2022-05-01,14,2,0,0,0,0,0,0,0,0,0,2
DE,35-59,2022,18,2022-05-08,15,0,0,0,0,0,0,0,0,0,0,0
DE,35-59,2022,19,2022-05-15,12,0,0,0,0,0,0,0,0,0,0,1
DE,35-59,2022,20,2022-05-22,12,1,0,0,0,0,0,0,0,0,0,0
DE,35-59,2022,21,2022-05-29,7,1,0,1,0,0,0,0,0,0,0,0
DE,35-59,2022,22,2022-06-05,11,0,0,0,1,0,0,0,0,0,0,0
DE,35-59,2022,23,2022-06-12,8,1,0,0,0,1,0,0,1,0,0,0
DE,35-59,2022,24,2022-06-19,9,0,0,0,0,0,0,0,0,0,0,0
DE,35-59,2022,25,2022-06-26,14,1,0,0,0,0,0,0,0,0,0,0
DE,35-59,2022,26,2022-07-03,18,1,0,0,0,0,0,0,0,0,0,1
DE,35-59,2022,27,2022-07-10,11,0,0,0,0,0,0,0,0,0,0,0
DE,35-59,2022,28,2022-07-17,13,1,0,0,0,0,0,0,0,0,0,0
DE,35-59,2022,29,2022-07-24,16,1,1,0,0,0,0,0,0,0,0,0
DE,35-59,2022,30,2022-07-31,14,3,0,0,0,0,0,0,0,0,0,0
DE,35-59,2022,31,2022-08-07,6,0,0,0,0,0,0,0,0,0,0,0
DE,35-59,2022,32,2022-08-14,13,0,0,0,0,0,0,0,0,0,0,0
DE,35-59,2022,33,2022-08-21,11,0,0,0,0,0,0,0,0,0,0,0
DE,35-59,2022,34,2022-08-28,6,0,0,0,0,0,0,0,0,0,0,0
DE,35-59,2022,35,2022-09-04,5,0,1,0,0,0,0,0,0,0,0,0
DE,35-59,2022,36,2022-09-11,14,1,0,0,0,0,0,0,0,0,0,0
DE,35-59,2022,37,2022-09-18,15,2,1,0,0,0,0,0,0,0,0,0
DE,35-59,2022,38,2022-09-25,10,0,0,0,0,0,0,0,0,0,0,0
DE,35-59,2022,39,2022-10-02,11,0,0,0,0,0,1,0,0,0,0,0
DE,35-59,2022,40,2022-10-09,20,2,0,1,0,0,0,0,0,0,0,1
DE,35-59,2022,41,2022-10-16,14,1,1,0,0,0,0,0,0,0,0,0
DE,35-59,2022,42,2022-10-23,21,1,0,0,0,0,0,0,0,0,0,0
DE,35-59,2022,43,2022-10-30,21,0,0,0,0,0,0,0,0,0,0,0
DE,35-59,2022,44,2022-11-06,21,1,0,0,0,0,0,0,0,0,0,0
DE,35-59,2022,45,2022-11-13,21,2,0,0,0,0,0,0,0,0,0,0
DE,35-59,2022,46,2022-11-20,17,0,0,0,0,0,0,0,1,0,,
DE,35-59,2022,47,2022-11-27,14,1,0,0,0,0,0,0,0,,,
DE,35-59,2022,48,2022-12-04,31,8,0,0,0,0,0,0,,,,
DE,35-59,2022,49,2022-12-11,32,5,0,0,0,0,0,,,,,
DE,35-59,2022,50,2022-12-18,40,4,1,0,0,0,,,,,,
DE,35-59,2022,51,2022-12-25,58,4,1,1,0,,,,,,,
DE,35-59,2022,52,2023-01-01,63,4,1,0,,,,,,,,
DE,35-59,2023,1,2023-01-08,49,1,0,,,,,,,,,
DE,35-59,2023,2,2023-01-15,50,4,,,,,,,,,,
DE,35-59,2023,3,2023-01-22,22,,,,,,,,,,,
DE,60-79,2021,44,2021-11-07,23,2,0,0,0,0,0,0,0,0,0,2
DE,60-79,2021,45,2021-11-14,25,0,0,0,0,0,0,0,0,0,0,4
DE,60-79,2021,46,2021-11-21,24,0,0,0,0,0,0,0,0,0,0,2
DE,60-79,2021,47,2021-11-28,24,0,0,0,0,0,0,0,0,0,0,14
DE,60-79,2021,48,2021-12-05,13,0,0,0,0,0,0,0,0,0,0,9
DE,60-79,2021,49,2021-12-12,7,1,0,0,0,0,0,0,0,0,1,15
DE,60-79,2021,50,2021-12-19,5,0,0,0,0,0,0,0,0,2,13,1
DE,60-79,2021,51,2021-12-26,3,1,0,0,0,0,0,0,3,23,0,1
DE,60-79,2021,52,2022-01-02,2,1,0,0,0,0,0,0,24,0,0,2
DE,60-79,2022,1,2022-01-09,7,0,1,0,0,1,1,14,0,0,1,1
DE,60-79,2022,2,2022-01-16,2,0,0,0,0,0,14,1,0,0,0,0
DE,60-79,2022,3,2022-01-23,3,0,0,0,0,6,0,0,0,0,0,0
DE,60-79,2022,4,2022-01-30,5,0,0,0,13,1,0,1,0,0,0,0
DE,60-79,2022,5,2022-02-06,4,0,1,9,2,0,0,0,0,0,0,2
DE,60-79,2022,6,2022-02-13,0,0,12,2,0,0,0,0,0,0,0,0
DE,60-79,2022,7,2022-02-20,7,7,1,0,2,0,0,0,0,0,0,0
DE,60-79,2022,8,2022-02-27,12,3,0,1,0,0,0,0,1,0,0,0
DE,60-79,2022,9,2022-03-06,24,1,0,1,0,0,0,0,0,0,0,0
DE,60-79,2022,10,2022-03-13,22,2,0,0,0,0,0,0,0,0,0,0
DE,60-79,2022,11,2022-03-20,17,3,0,0,0,0,0,0,0,0,0,1
DE,60-79,2022,12,2022-03-27,22,4,0,0,0,0,0,0,0,0,0,2
DE,60-79,2022,13,2022-04-03,19,2,0,0,0,0,0,0,0,0,0,0
DE,60-79,2022,14,2022-04-10,16,3,0,0,0,0,0,0,0,0,0,1
DE,60-79,2022,15,2022-04-17,24,3,0,0,0,0,0,0,0,0,0,2
DE,60-79,2022,16,2022-04-24,24,1,1,1,0,0,0,0,0,0,0,0
DE,60-79,2022,17,2022-05-01,41,3,0,1,0,0,0,0,0,0,0,0
DE,60-79,2022,18,2022-05-08,34,0,0,0,0,0,0,0,0,0,0,2
DE,60-79,2022,19,2022-05-15,26,2,0,0,0,0,0,0,0,0,0,0
DE,60-79,2022,20,2022-05-22,24,1,0,0,0,0,0,0,0,0,0,1
DE,60-79,2022,21,2022-05-29,20,5,0,0,0,0,0,0,0,0,0,0
DE,60-79,2022,22,2022-06-05,31,1,0,0,0,0,0,0,0,0,0,1
DE,60-79,2022,23,2022-06-12,22,1,0,1,0,0,0,0,0,0,0,0
DE,60-79,2022,24,2022-06-19,32,3,0,0,1,0,0,2,0,0,0,0
DE,60-79,2022,25,2022-06-26,23,0,0,0,0,0,0,0,0,0,0,0
DE,60-79,2022,26,2022-07-03,20,1,0,0,0,0,0,0,0,0,0,0
DE,60-79,2022,27,2022-07-10,15,2,0,0,0,0,0,0,0,0,0,1
DE,60-79,2022,28,2022-07-17,22,3,0,1,0,0,0,0,0,0,0,0
DE,60-79,2022,29,2022-07-24,15,4,0,0,0,0,0,0,0,0,0,0
DE,60-79,2022,30,2022-07-31,19,1,0,0,0,0,0,0,0,0,0,0
DE,60-79,2022,31,2022-08-07,17,2,0,0,0,0,1,0,0,0,0,0
DE,60-79,2022,32,2022-08-14,8,2,0,0,0,0,0,0,0,0,0,0
DE,60-79,2022,33,2022-08-21,16,2,0,0,0,0,0,0,0,0,0,0
DE,60-79,2022,34,2022-08-28,15,3,0,0,0,0,0,0,0,0,0,0
DE,60-79,2022,35,2022-09-04,15,2,0,0,0,0,0,0,0,0,0,0
DE,60-79,2022,36,2022-09-11,18,2,0,0,0,0,0,0,0,0,0,0
DE,60-79,2022,37,2022-09-18,13,1,0,0,0,0,0,0,0,0,0,0
DE,60-79,2022,38,2022-09-25,24,1,0,0,0,0,0,0,0,0,0,0
DE,60-79,2022,39,2022-10-02,29,2,0,0,0,0,0,0,0,0,0,0
DE,60-79,2022,40,2022-10-09,31,3,0,0,0,0,1,0,0,0,0,1
DE,60-79,2022,41,2022-10-16,51,6,1,0,1,0,0,0,0,0,0,0
DE,60-79,2022,42,2022-10-23,45,2,0,0,0,0,0,0,0,0,0,0
DE,60-79,2022,43,2022-10-30,25,4,0,0,0,0,0,0,0,0,0,0
DE,60-79,2022,44,2022-11-06,28,7,1,1,0,0,0,0,0,0,1,0
DE,60-79,2022,45,2022-11-13,39,8,1,0,0,0,0,0,0,0,1,0
DE,60-79,2022,46,2022-11-20,38,3,0,0,0,0,0,0,0,0,,
DE,60-79,2022,47,2022-11-27,40,7,0,0,0,0,0,0,0,,,
DE,60-79,2022,48,2022-12-04,62,4,0,0,0,1,0,0,,,,
DE,60-79,2022,49,2022-12-11,66,4,0,0,1,0,0,,,,,
DE,60-79,2022,50,2022-12-18,98,8,1,2,0,2,,,,,,
DE,60-79,2022,51,2022-12-25,95,11,3,0,0,,,,,,,
DE,60-79,2022,52,2023-01-01,122,10,1,0,,,,,,,,
DE,60-79,2023,1,2023-01-08,180,14,2,,,,,,,,,
DE,60-79,2023,2,2023-01-15,105,6,,,,,,,,,,
DE,60-79,2023,3,2023-01-22,62,,,,,,,,,,,
DE,80+,2021,44,2021-11-07,15,0,0,0,0,0,0,0,0,0,0,1
DE,80+,2021,45,2021-11-14,20,0,0,0,0,0,0,0,0,0,0,2
DE,80+,2021,46,2021-11-21,9,1,0,0,0,0,0,0,0,0,0,1
DE,80+,2021,47,2021-11-28,8,1,0,0,0,0,0,0,0,0,0,2
DE,80+,2021,48,2021-12-05,12,0,0,0,0,0,0,0,0,0,0,6
DE,80+,2021,49,2021-12-12,3,0,0,0,0,0,0,0,0,0,0,13
DE,80+,2021,50,2021-12-19,1,0,0,0,0,0,0,0,0,1,11,0
DE,80+,2021,51,2021-12-26,3,0,0,0,0,0,0,0,0,12,0,2
DE,80+,2021,52,2022-01-02,0,0,0,0,0,0,0,1,14,0,0,1
DE,80+,2022,1,2022-01-09,2,0,0,0,0,0,1,15,0,0,0,0
DE,80+,2022,2,2022-01-16,2,0,0,0,0,0,11,1,0,0,0,0
DE,80+,2022,3,2022-01-23,0,0,0,0,0,6,0,0,0,0,0,0
DE,80+,2022,4,2022-01-30,2,0,0,0,4,0,0,0,0,0,0,1
DE,80+,2022,5,2022-02-06,1,0,0,3,1,0,0,0,0,0,0,0
DE,80+,2022,6,2022-02-13,2,0,5,0,0,2,0,0,0,0,0,0
DE,80+,2022,7,2022-02-20,6,6,1,0,1,0,0,0,0,0,1,0
DE,80+,2022,8,2022-02-27,4,1,0,1,0,0,0,0,0,0,0,2
DE,80+,2022,9,2022-03-06,10,0,0,1,0,0,0,0,0,0,0,0
DE,80+,2022,10,2022-03-13,9,1,0,0,0,0,0,0,0,0,0,0
DE,80+,2022,11,2022-03-20,5,3,0,0,0,0,0,0,0,1,0,0
DE,80+,2022,12,2022-03-27,8,1,0,0,0,0,0,0,0,0,0,0
DE,80+,2022,13,2022-04-03,14,2,0,0,0,0,0,0,0,0,0,1
DE,80+,2022,14,2022-04-10,12,1,0,0,0,0,0,0,0,0,0,0
DE,80+,2022,15,2022-04-17,9,1,1,0,0,0,0,0,0,1,0,0
DE,80+,2022,16,2022-04-24,11,2,0,0,0,0,0,0,0,0,0,0
DE,80+,2022,17,2022-05-01,19,1,0,0,0,0,0,0,0,0,0,1
DE,80+,2022,18,2022-05-08,17,0,1,0,0,0,1,0,0,0,0,1
DE,80+,2022,19,2022-05-15,13,3,0,0,0,0,0,0,0,0,0,0
DE,80+,2022,20,2022-05-22,22,1,0,0,0,0,0,0,1,0,0,0
DE,80+,2022,21,2022-05-29,6,1,0,1,0,0,0,0,0,0,0,0
DE,80+,2022,22,2022-06-05,10,1,0,0,0,0,1,0,0,1,0,0
DE,80+,2022,23,2022-06-12,19,0,0,0,0,0,0,0,0,0,0,0
DE,80+,2022,24,2022-06-19,12,0,0,0,0,0,0,1,0,0,0,0
DE,80+,2022,25,2022-06-26,14,2,0,0,0,0,0,0,0,0,0,0
DE,80+,2022,26,2022-07-03,8,1,0,0,1,0,0,0,0,0,0,0
DE,80+,2022,27,2022-07-10,4,0,0,0,0,0,1,0,0,0,0,0
DE,80+,2022,28,2022-07-17,9,1,0,0,0,0,0,0,0,0,0,0
DE,80+,2022,29,2022-07-24,5,1,1,0,0,0,0,0,0,0,0,0
DE,80+,2022,30,2022-07-31,7,1,1,0,0,0,0,0,0,0,0,0
DE,80+,2022,31,2022-08-07,12,1,0,0,0,0,0,0,0,0,0,0
DE,80+,2022,32,2022-08-14,17,3,0,0,0,0,0,0,0,0,0,0
DE,80+,2022,33,2022-08-21,7,1,0,0,0,0,0,0,0,0,0,0
DE,80+,2022,34,2022-08-28,4,3,0,0,0,0,0,0,0,0,0,0
DE,80+,2022,35,2022-09-04,5,0,0,0,0,0,0,0,0,0,0,0
DE,80+,2022,36,2022-09-11,12,0,0,0,0,0,0,0,0,0,0,0
DE,80+,2022,37,2022-09-18,11,0,0,0,0,0,0,0,0,0,0,0
DE,80+,2022,38,2022-09-25,8,2,0,0,0,0,0,0,0,0,0,0
DE,80+,2022,39,2022-10-02,21,1,0,0,1,1,0,0,0,0,0,0
DE,80+,2022,40,2022-10-09,22,2,0,0,0,0,0,0,0,0,0,0
DE,80+,2022,41,2022-10-16,25,2,0,0,0,0,0,0,0,0,0,0
DE,80+,2022,42,2022-10-23,22,2,1,0,1,0,0,0,0,0,0,0
DE,80+,2022,43,2022-10-30,24,1,2,0,0,0,0,0,0,0,0,0
DE,80+,2022,44,2022-11-06,18,0,0,0,0,0,0,0,0,0,0,0
DE,80+,2022,45,2022-11-13,23,1,1,0,1,0,0,0,0,0,0,0
DE,80+,2022,46,2022-11-20,14,2,0,0,0,0,0,0,0,0,,
DE,80+,2022,47,2022-11-27,18,1,0,0,1,0,1,0,0,,,
DE,80+,2022,48,2022-12-04,39,3,0,0,0,1,0,0,,,,
DE,80+,2022,49,2022-12-11,32,5,1,0,0,0,0,,,,,
DE,80+,2022,50,2022-12-18,49,4,1,0,0,0,,,,,,
DE,80+,2022,51,2022-12-25,64,5,0,2,0,,,,,,,
DE,80+,2022,52,2023-01-01,57,4,0,1,,,,,,,,
DE,80+,2023,1,2023-01-08,122,9,0,,,,,,,,,
DE,80+,2023,2,2023-01-15,65,3,,,,,,,,,,
DE,80+,2023,3,2023-01-22,23,,,,,,,,,,,
DE-BB,00+,2021,44,2021-11-07,0,4,0,0,0,0,0,0,0,0,0,0
DE-BB,00+,2021,45,2021-11-14,0,0,0,0,0,0,0,0,0,0,0,0
DE-BB,00+,2021,46,2021-11-21,3,1,0,0,0,0,0,0,0,0,0,0
DE-BB,00+,2021,47,2021-11-28,1,0,0,0,0,0,0,0,0,0,0,2
DE-BB,00+,2021,48,2021-12-05,1,0,0,0,0,0,0,0,0,0,0,1
DE-BB,00+,2021,49,2021-12-12,0,0,0,0,0,0,0,0,0,0,0,3
DE-BB,00+,2021,50,2021-12-19,0,0,0,0,0,0,0,0,0,0,1,0
DE-BB,00+,2021,51,2021-12-26,0,0,0,0,0,0,0,0,0,3,0,0
DE-BB,00+,2021,52,2022-01-02,0,0,0,0,0,0,0,0,0,0,0,0
DE-BB,00+,2022,1,2022-01-09,2,0,0,0,0,1,0,4,0,0,0,0
DE-BB,00+,2022,2,2022-01-16,1,0,0,0,0,0,1,0,0,0,0,0
DE-BB,00+,2022,3,2022-01-23,0,0,0,0,0,0,0,0,0,0,0,0
DE-BB,00+,2022,4,2022-01-30,0,0,0,0,0,0,0,0,0,0,0,1
DE-BB,00+,2022,5,2022-02-06,0,0,0,0,0,0,0,0,0,0,0,0
DE-BB,00+,2022,6,2022-02-13,0,0,0,0,0,0,0,0,0,0,0,0
DE-BB,00+,2022,7,2022-02-20,0,1,0,0,1,0,0,0,0,0,1,0
DE-BB,00+,2022,8,2022-02-27,1,0,0,0,0,0,0,0,0,0,0,0
DE-BB,00+,2022,9,2022-03-06,2,0,0,0,0,0,0,0,0,0,0,0
DE-BB,00+,2022,10,2022-03-13,3,0,0,0,0,0,0,0,0,0,0,0
DE-BB,00+,2022,11,2022-03-20,4,0,0,0,0,0,0,0,0,1,0,1
DE-BB,00+,2022,12,2022-03-27,1,0,0,0,0,0,0,0,0,0,0,1
DE-BB,00+,2022,13,2022-04-03,6,1,0,0,0,0,0,0,0,0,0,0
DE-BB,00+,2022,14,2022-04-10,5,1,0,0,0,0,0,0,0,0,0,0
DE-BB,00+,2022,15,2022-04-17,1,0,0,0,0,0,0,0,0,1,0,0
DE-BB,00+,2022,16,2022-04-24,2,0,0,0,0,0,0,0,0,0,0,0
DE-BB,00+,2022,17,2022-05-01,3,0,0,0,0,0,0,0,0,0,0,0
DE-BB,00+,2022,18,2022-05-08,5,0,0,0,0,0,1,0,0,0,0,0
DE-BB,00+,2022,19,2022-05-15,3,0,0,0,0,0,0,0,0,0,0,0
DE-BB,00+,2022,20,2022-05-22,4,0,0,0,0,0,0,0,0,0,0,0
DE-BB,00+,2022,21,2022-05-29,0,2,0,0,0,0,0,0,0,0,0,0
DE-BB,00+,2022,22,2022-06-05,4,1,0,0,0,0,0,0,0,1,0,0
DE-BB,00+,2022,23,2022-06-12,2,0,0,0,0,0,0,0,0,0,0,0
DE-BB,00+,2022,24,2022-06-19,2,0,0,0,0,0,0,0,0,0,0,0
DE-BB,00+,2022,25,2022-06-26,1,1,0,0,0,0,0,0,0,0,0,0
DE-BB,00+,2022,26,2022-07-03,1,0,0,0,0,0,0,0,0,0,0,0
DE-BB,00+,2022,27,2022-07-10,0,0,0,0,0,0,0,0,0,0,0,0
DE-BB,00+,2022,28,2022-07-17,5,0,0,0,0,0,0,0,0,0,0,0
DE-BB,00+,2022,29,2022-07-24,1,0,0,0,0,0,0,0,0,0,0,0
DE-BB,00+,2022,30,2022-07-31,5,0,0,0,0,0,0,0,0,0,0,0
DE-BB,00+,2022,31,2022-08-07,1,0,0,0,0,0,0,0,0,0,0,0
DE-BB,00+,2022,32,2022-08-14,0,0,0,0,0,0,0,0,0,0,0,0
DE-BB,00+,2022,33,2022-08-21,3,0,0,0,0,0,0,0,0,0,0,0
DE-BB,00+,2022,34,2022-08-28,2,0,0,0,0,0,0,0,0,0,0,0
DE-BB,00+,2022,35,2022-09-04,0,0,1,0,0,0,0,0,0,0,0,0
DE-BB,00+,2022,36,2022-09-11,5,0,0,0,0,0,0,0,0,0,0,0
DE-BB,00+,2022,37,2022-09-18,1,0,0,0,0,0,0,0,0,0,0,0
DE-BB,00+,2022,38,2022-09-25,1,0,0,0,0,0,0,0,0,0,0,0
DE-BB,00+,2022,39,2022-10-02,3,0,0,0,0,0,0,0,0,0,0,0
DE-BB,00+,2022,40,2022-10-09,1,1,0,1,0,0,0,0,0,0,0,0
DE-BB,00+,2022,41,2022-10-16,2,1,0,0,0,0,0,0,0,0,0,0
DE-BB,00+,2022,42,2022-10-23,2,0,0,0,0,0,0,0,0,0,0,0
DE-BB,00+,2022,43,2022-10-30,2,0,0,0,0,0,0,0,0,0,0,0
DE-BB,00+,2022,44,2022-11-06,2,0,0,0,0,0,0,0,0,0,0,0
DE-BB,00+,2022,45,2022-11-13,2,0,0,0,0,0,0,0,0,0,0,0
DE-BB,00+,2022,46,2022-11-20,3,0,0,0,0,0,0,0,0,0,,
DE-BB,00+,2022,47,2022-11-27,0,0,0,0,0,0,0,0,0,,,
DE-BB,00+,2022,48,2022-12-04,4,0,0,0,0,0,0,0,,,,
DE-BB,00+,2022,49,2022-12-11,1,0,0,0,0,0,0,,,,,
DE-BB,00+,2022,50,2022-12-18,8,0,0,0,0,0,,,,,,
DE-BB,00+,2022,51,2022-12-25,14,0,0,0,0,,,,,,,
DE-BB,00+,2022,52,2023-01-01,8,1,0,3,,,,,,,,
DE-BB,00+,2023,1,2023-01-08,11,3,0,,,,,,,,,
DE-BB,00+,2023,2,2023-01-15,6,0,,,,,,,,,,
DE-BB,00+,2023,3,2023-01-22,2,,,,,,,,,,,
DE-BE,00+,2021,44,2021-11-07,0,4,0,0,0,0,0,0,0,0,0,0
DE-BE,00+,2021,45,2021-11-14,6,0,0,0,0,0,0,0,0,0,0,0
DE-BE,00+,2021,46,2021-11-21,4,0,0,0,0,0,0,0,0,0,0,0
DE-BE,00+,2021,47,2021-11-28,1,1,0,0,0,0,0,0,0,0,0,0
DE-BE,00+,2021,48,2021-12-05,3,0,0,0,0,0,0,0,0,0,0,0
DE-BE,00+,2021,49,2021-12-12,4,1,0,0,0,0,0,0,0,0,0,0
DE-BE,00+,2021,50,2021-12-19,1,0,0,0,0,0,0,0,0,0,0,0
DE-BE,00+,2021,51,2021-12-26,4,1,0,0,0,0,0,0,0,0,0,0
DE-BE,00+,2021,52,2022-01-02,1,0,0,0,0,0,0,0,0,0,0,0
DE-BE,00+,2022,1,2022-01-09,1,0,0,0,0,0,0,0,0,0,0,0
DE-BE,00+,2022,2,2022-01-16,1,0,0,0,0,0,0,0,0,0,0,0
DE-BE,00+,2022,3,2022-01-23,3,0,0,0,0,0,0,0,0,0,0,0
DE-BE,00+,2022,4,2022-01-30,4,0,0,0,1,0,0,0,0,0,0,0
DE-BE,00+,2022,5,2022-02-06,4,0,0,0,0,0,0,0,0,0,0,1
DE-BE,00+,2022,6,2022-02-13,1,0,1,0,0,0,0,0,0,0,0,0
DE-BE,00+,2022,7,2022-02-20,1,0,0,0,0,0,0,0,0,0,0,0
DE-BE,00+,2022,8,2022-02-27,0,1,0,0,0,0,0,0,0,0,0,0
DE-BE,00+,2022,9,2022-03-06,2,0,0,0,0,0,0,0,0,0,0,0
DE-BE,00+,2022,10,2022-03-13,2,0,0,0,0,0,0,0,0,0,0,0
DE-BE,00+,2022,11,2022-03-20,4,0,0,0,0,0,0,0,0,0,0,0
DE-BE,00+,2022,12,2022-03-27,3,0,0,0,0,0,0,0,0,0,0,0
DE-BE,00+,2022,13,2022-04-03,3,0,0,0,0,0,0,0,0,0,0,0
DE-BE,00+,2022,14,2022-04-10,1,0,0,0,0,0,0,0,0,0,0,0
DE-BE,00+,2022,15,2022-04-17,2,0,0,0,0,0,0,0,0,0,0,0
DE-BE,00+,2022,16,2022-04-24,1,0,1,0,0,0,0,0,0,0,0,0
DE-BE,00+,2022,17,2022-05-01,4,0,0,0,0,0,0,0,0,0,0,0
DE-BE,00+,2022,18,2022-05-08,4,0,0,0,0,0,0,0,0,0,0,0
DE-BE,00+,2022,19,2022-05-15,7,0,0,0,0,0,0,0,0,0,0,0
DE-BE,00+,2022,20,2022-05-22,3,1,0,0,0,0,0,0,0,0,0,0
DE-BE,00+,2022,21,2022-05-29,2,0,0,0,0,0,0,0,0,0,0,0
DE-BE,00+,2022,22,2022-06-05,1,0,0,0,0,0,0,0,0,0,0,0
DE-BE,00+,2022,23,2022-06-12,4,0,0,0,0,0,0,0,0,0,0,0
DE-BE,00+,2022,24,2022-06-19,12,2,0,0,0,0,0,0,0,0,0,0
DE-BE,00+,2022,25,2022-06-26,2,1,0,0,0,0,0,0,0,0,0,0
DE-BE,00+,2022,26,2022-07-03,3,1,0,0,0,0,0,0,0,0,0,0
DE-BE,00+,2022,27,2022-07-10,1,0,0,0,0,0,0,0,0,0,0,0
DE-BE,00+,2022,28,2022-07-17,5,0,0,0,0,0,0,0,0,0,0,0
DE-BE,00+,2022,29,2022-07-24,2,1,0,0,0,0,0,0,0,0,0,0
DE-BE,00+,2022,30,2022-07-31,1,0,0,0,0,0,0,0,0,0,0,0
DE-BE,00+,2022,31,2022-08-07,3,0,0,0,0,0,0,0,0,0,0,0
DE-BE,00+,2022,32,2022-08-14,3,0,0,0,0,0,0,0,0,0,0,0
DE-BE,00+,2022,33,2022-08-21,2,0,0,0,0,0,0,0,0,0,0,0
DE-BE,00+,2022,34,2022-08-28,3,0,0,0,0,0,0,0,0,0,0,0
DE-BE,00+,2022,35,2022-09-04,0,0,0,0,0,0,0,0,0,0,0,1
DE-BE,00+,2022,36,2022-09-11,3,1,0,0,0,0,0,0,0,0,0,0
DE-BE,00+,2022,37,2022-09-18,2,0,0,0,0,0,0,0,0,0,0,0
DE-BE,00+,2022,38,2022-09-25,5,0,0,0,0,0,0,0,0,0,0,0
DE-BE,00+,2022,39,2022-10-02,5,0,0,0,0,0,0,0,0,0,0,0
DE-BE,00+,2022,40,2022-10-09,6,0,0,0,0,0,0,0,0,0,0,0
DE-BE,00+,2022,41,2022-10-16,5,0,0,0,0,0,0,0,0,0,0,0
DE-BE,00+,2022,42,2022-10-23,8,1,0,0,0,0,0,0,0,0,0,0
DE-BE,00+,2022,43,2022-10-30,6,0,0,0,0,0,0,0,0,0,0,0
DE-BE,00+,2022,44,2022-11-06,2,0,0,1,0,0,0,0,0,0,0,0
DE-BE,00+,2022,45,2022-11-13,6,1,0,0,0,0,0,0,0,0,0,0
DE-BE,00+,2022,46,2022-11-20,1,0,0,0,0,0,0,0,0,0,,
DE-BE,00+,2022,47,2022-11-27,3,0,0,0,0,0,0,0,0,,,
DE-BE,00+,2022,48,2022-12-04,8,0,0,0,0,0,0,0,,,,
DE-BE,00+,2022,49,2022-12-11,18,1,0,1,0,0,0,,,,,
DE-BE,00+,2022,50,2022-12-18,18,0,0,0,0,1,,,,,,
DE-BE,00+,2022,51,2022-12-25,11,1,0,0,0,,,,,,,
DE-BE,00+,2022,52,2023-01-01,24,0,0,0,,,,,,,,
DE-BE,00+,2023,1,2023-01-08,22,0,0,,,,,,,,,
DE-BE,00+,2023,2,2023-01-15,9,1,,,,,,,,,,
DE-BE,00+,2023,3,2023-01-22,8,,,,,,,,,,,
DE-BW,00+,2021,44,2021-11-07,0,4,0,0,0,0,0,0,0,0,0,2
DE-BW,00+,2021,45,2021-11-14,8,0,0,0,0,0,0,0,0,0,0,1
DE-BW,00+,2021,46,2021-11-21,8,0,1,0,0,0,0,0,0,0,0,0
DE-BW,00+,2021,47,2021-11-28,7,0,0,0,0,0,0,0,0,0,0,5
DE-BW,00+,2021,48,2021-12-05,1,0,0,0,0,0,0,0,0,0,0,10
DE-BW,00+,2021,49,2021-12-12,1,0,0,0,0,0,0,0,0,0,0,6
DE-BW,00+,2021,50,2021-12-19,1,0,0,0,0,0,0,0,0,0,1,0
DE-BW,00+,2021,51,2021-12-26,1,1,0,0,0,0,0,0,0,11,0,1
DE-BW,00+,2021,52,2022-01-02,2,0,0,0,0,0,0,0,13,0,0,0
DE-BW,00+,2022,1,2022-01-09,2,0,0,0,0,0,1,0,0,0,0,1
DE-BW,00+,2022,2,2022-01-16,0,0,0,0,0,0,9,0,0,0,0,0
DE-BW,00+,2022,3,2022-01-23,1,0,0,0,0,8,0,0,0,0,0,0
DE-BW,00+,2022,4,2022-01-30,1,0,0,0,0,0,0,0,0,0,0,0
DE-BW,00+,2022,5,2022-02-06,0,0,0,4,0,0,0,0,0,0,0,0
DE-BW,00+,2022,6,2022-02-13,1,0,5,0,0,0,0,0,0,0,0,0
DE-BW,00+,2022,7,2022-02-20,10,1,0,0,0,0,0,0,0,0,0,0
DE-BW,00+,2022,8,2022-02-27,6,1,0,0,0,0,0,0,0,0,0,0
DE-BW,00+,2022,9,2022-03-06,11,0,0,0,0,0,0,0,0,0,0,0
DE-BW,00+,2022,10,2022-03-13,6,1,0,0,0,0,0,0,0,0,0,0
DE-BW,00+,2022,11,2022-03-20,5,2,0,0,0,0,0,0,0,0,0,0
DE-BW,00+,2022,12,2022-03-27,6,5,0,0,0,0,0,0,0,0,0,1
DE-BW,00+,2022,13,2022-04-03,6,0,0,0,0,0,0,0,0,0,0,0
DE-BW,00+,2022,14,2022-04-10,4,1,0,0,0,0,0,0,0,0,0,0
DE-BW,00+,2022,15,2022-04-17,7,1,0,0,0,0,0,0,0,0,0,0
DE-BW,00+,2022,16,2022-04-24,10,0,0,0,0,0,0,0,0,0,0,0
DE-BW,00+,2022,17,2022-05-01,14,1,0,0,0,0,0,0,0,0,0,0
DE-BW,00+,2022,18,2022-05-08,11,0,0,0,0,0,0,0,0,0,0,0
DE-BW,00+,2022,19,2022-05-15,3,2,0,0,0,0,0,0,0,0,0,0
DE-BW,00+,2022,20,2022-05-22,7,0,0,0,0,0,0,0,0,0,0,0
DE-BW,00+,2022,21,2022-05-29,2,0,0,0,0,0,0,0,0,0,0,0
DE-BW,00+,2022,22,2022-06-05,10,0,1,0,0,0,0,0,0,0,0,0
DE-BW,00+,2022,23,2022-06-12,10,0,0,0,0,0,0,0,0,0,0,0
DE-BW,00+,2022,24,2022-06-19,4,1,0,0,0,0,0,0,0,0,0,0
DE-BW,00+,2022,25,2022-06-26,3,1,0,0,0,0,0,0,0,0,0,0
DE-BW,00+,2022,26,2022-07-03,5,0,0,0,0,0,0,0,0,0,0,0
DE-BW,00+,2022,27,2022-07-10,5,1,0,0,0,0,0,0,0,0,0,1
DE-BW,00+,2022,28,2022-07-17,3,0,0,0,0,0,0,0,0,0,0,0
DE-BW,00+,2022,29,2022-07-24,6,0,0,0,0,0,0,0,0,0,0,0
DE-BW,00+,2022,30,2022-07-31,8,0,0,0,0,0,0,0,0,0,0,0
DE-BW,00+,2022,31,2022-08-07,6,0,0,0,0,0,0,0,0,0,0,0
DE-BW,00+,2022,32,2022-08-14,4,1,0,0,0,0,0,0,0,0,0,0
DE-BW,00+,2022,33,2022-08-21,5,0,0,0,0,0,0,0,0,0,0,0
DE-BW,00+,2022,34,2022-08-28,3,1,0,0,0,0,0,0,0,0,0,0
DE-BW,00+,2022,35,2022-09-04,3,1,0,0,0,0,0,0,0,0,0,0
DE-BW,00+,2022,36,2022-09-11,8,0,0,0,0,0,0,0,0,0,0,0
DE-BW,00+,2022,37,2022-09-18,4,0,0,0,0,0,0,0,0,0,0,0
DE-BW,00+,2022,38,2022-09-25,5,1,0,0,0,0,0,0,0,0,0,0
DE-BW,00+,2022,39,2022-10-02,7,1,0,0,0,0,0,0,0,0,0,0
DE-BW,00+,2022,40,2022-10-09,11,1,0,0,0,0,0,0,0,0,0,0
DE-BW,00+,2022,41,2022-10-16,22,1,1,0,1,0,0,0,0,0,0,0
DE-BW,00+,2022,42,2022-10-23,12,0,0,0,0,0,0,0,0,0,0,0
DE-BW,00+,2022,43,2022-10-30,7,0,1,0,0,0,0,0,0,0,0,0
DE-BW,00+,2022,44,2022-11-06,14,0,0,0,0,0,0,0,0,0,0,0
DE-BW,00+,2022,45,2022-11-13,14,1,0,0,1,0,0,0,0,0,0,0
DE-BW,00+,2022,46,2022-11-20,8,0,0,0,0,0,0,0,0,0,,
DE-BW,00+,2022,47,2022-11-27,17,0,0,0,0,0,0,0,0,,,
DE-BW,00+,2022,48,2022-12-04,19,3,0,0,0,0,0,0,,,,
DE-BW,00+,2022,49,2022-12-11,26,0,0,0,0,0,0,,,,,
DE-BW,00+,2022,50,2022-12-18,25,0,0,0,0,0,,,,,,
DE-BW,00+,2022,51,2022-12-25,32,1,0,1,0,,,,,,,
DE-BW,00+,2022,52,2023-01-01,33,2,0,0,,,,,,,,
DE-BW,00+,2023,1,2023-01-08,41,3,0,,,,,,,,,
DE-BW,00+,2023,2,2023-01-15,35,1,,,,,,,,,,
DE-BW,00+,2023,3,2023-01-22,23,,,,,,,,,,,
DE-BY,00+,2021,44,2021-11-07,0,1,0,0,0,0,0,0,0,0,0,0
DE-BY,00+,2021,45,2021-11-14,9,0,0,0,1,0,0,0,0,0,0,1
DE-BY,00+,2021,46,2021-11-21,9,0,0,0,0,0,0,0,0,0,0,0
DE-BY,00+,2021,47,2021-11-28,8,0,0,0,0,0,0,0,0,0,0,0
DE-BY,00+,2021,48,2021-12-05,4,0,0,0,0,0,0,0,0,0,0,1
DE-BY,00+,2021,49,2021-12-12,1,0,0,0,0,0,0,0,0,0,0,2
DE-BY,00+,2021,50,2021-12-19,1,0,0,0,0,0,0,0,0,0,7,1
DE-BY,00+,2021,51,2021-12-26,1,0,0,0,0,0,0,0,0,5,0,0
DE-BY,00+,2021,52,2022-01-02,0,0,0,0,0,0,0,0,8,0,0,3
DE-BY,00+,2022,1,2022-01-09,1,0,0,0,0,0,0,7,0,0,0,0
DE-BY,00+,2022,2,2022-01-16,1,0,0,0,0,0,5,3,0,0,0,0
DE-BY,00+,2022,3,2022-01-23,0,0,0,0,0,1,0,0,0,0,0,0
DE-BY,00+,2022,4,2022-01-30,0,0,0,0,3,0,0,0,0,0,0,0
DE-BY,00+,2022,5,2022-02-06,0,0,0,3,1,0,0,0,0,0,0,0
DE-BY,00+,2022,6,2022-02-13,0,0,6,0,0,0,0,0,0,0,0,0
DE-BY,00+,2022,7,2022-02-20,3,2,0,0,0,0,0,0,0,0,0,0
DE-BY,00+,2022,8,2022-02-27,4,0,0,0,0,0,0,0,0,0,0,1
DE-BY,00+,2022,9,2022-03-06,2,0,0,1,0,0,0,0,0,0,0,0
DE-BY,00+,2022,10,2022-03-13,11,0,0,0,0,0,0,0,0,0,0,0
DE-BY,00+,2022,11,2022-03-20,4,1,0,0,0,0,0,0,0,0,0,0
DE-BY,00+,2022,12,2022-03-27,6,1,0,0,0,0,0,0,0,0,0,0
DE-BY,00+,2022,13,2022-04-03,4,1,0,0,0,0,0,0,0,0,0,0
DE-BY,00+,2022,14,2022-04-10,8,2,0,0,0,0,0,0,0,0,0,0
DE-BY,00+,2022,15,2022-04-17,5,2,0,1,0,0,0,0,0,0,0,0
DE-BY,00+,2022,16,2022-04-24,4,1,0,1,0,0,0,0,0,0,0,0
DE-BY,00+,2022,17,2022-05-01,14,0,0,1,0,0,0,0,0,0,0,0
DE-BY,00+,2022,18,2022-05-08,15,0,0,0,0,0,0,0,0,0,0,0
DE-BY,00+,2022,19,2022-05-15,5,1,0,0,0,0,0,0,0,0,0,0
DE-BY,00+,2022,20,2022-05-22,7,0,0,0,0,0,0,0,0,0,0,0
DE-BY,00+,2022,21,2022-05-29,11,1,0,0,0,0,0,0,0,0,0,0
DE-BY,00+,2022,22,2022-06-05,7,0,0,0,1,0,0,0,0,0,0,0
DE-BY,00+,2022,23,2022-06-12,6,0,0,0,1,0,0,0,0,0,0,0
DE-BY,00+,2022,24,2022-06-19,3,0,0,0,0,0,0,1,0,0,0,0
DE-BY,00+,2022,25,2022-06-26,7,0,0,0,0,0,0,0,0,0,0,0
DE-BY,00+,2022,26,2022-07-03,6,0,0,0,0,0,0,0,0,0,0,1
DE-BY,00+,2022,27,2022-07-10,3,0,0,0,0,0,0,0,0,0,0,0
DE-BY,00+,2022,28,2022-07-17,1,1,0,0,0,0,0,0,0,0,0,0
DE-BY,00+,2022,29,2022-07-24,5,0,1,0,0,0,0,0,0,0,0,0
DE-BY,00+,2022,30,2022-07-31,4,1,0,0,0,0,0,0,0,0,0,0
DE-BY,00+,2022,31,2022-08-07,9,1,0,0,0,0,1,0,0,0,0,0
DE-BY,00+,2022,32,2022-08-14,12,1,0,0,0,0,0,0,0,0,0,0
DE-BY,00+,2022,33,2022-08-21,2,0,0,0,0,0,0,0,0,0,0,0
DE-BY,00+,2022,34,2022-08-28,4,1,0,0,0,0,0,0,0,0,0,0
DE-BY,00+,2022,35,2022-09-04,2,0,0,0,0,0,0,0,0,0,0,0
DE-BY,00+,2022,36,2022-09-11,4,0,0,0,0,0,0,0,0,0,0,0
DE-BY,00+,2022,37,2022-09-18,2,0,0,0,0,0,0,0,0,0,0,0
DE-BY,00+,2022,38,2022-09-25,3,0,0,0,0,0,0,0,0,0,0,0
DE-BY,00+,2022,39,2022-10-02,7,0,0,0,0,0,0,0,0,0,0,0
DE-BY,00+,2022,40,2022-10-09,6,1,0,0,0,0,0,0,0,0,0,0
DE-BY,00+,2022,41,2022-10-16,12,2,0,0,0,0,0,0,0,0,0,0
DE-BY,00+,2022,42,2022-10-23,11,1,0,0,0,0,0,0,0,0,0,0
DE-BY,00+,2022,43,2022-10-30,12,0,0,0,0,0,0,0,0,0,0,0
DE-BY,00+,2022,44,2022-11-06,8,3,0,0,0,0,0,0,0,0,0,0
DE-BY,00+,2022,45,2022-11-13,14,3,1,0,0,0,0,0,0,0,1,0
DE-BY,00+,2022,46,2022-11-20,10,1,0,0,0,0,0,0,1,0,,
DE-BY,00+,2022,47,2022-11-27,19,0,0,0,0,0,0,0,0,,,
DE-BY,00+,2022,48,2022-12-04,21,0,0,0,0,0,0,0,,,,
DE-BY,00+,2022,49,2022-12-11,20,1,0,0,0,0,0,,,,,
DE-BY,00+,2022,50,2022-12-18,25,5,2,0,0,0,,,,,,
DE-BY,00+,2022,51,2022-12-25,35,0,0,1,0,,,,,,,
DE-BY,00+,2022,52,2023-01-01,36,1,1,0,,,,,,,,
DE-BY,00+,2023,1,2023-01-08,54,4,0,,,,,,,,,
DE-BY,00+,2023,2,2023-01-15,50,1,,,,,,,,,,
DE-BY,00+,2023,3,2023-01-22,16,,,,,,,,,,,
DE-HB,00+,2021,44,2021-11-07,0,0,0,0,0,0,0,0,0,0,0,0
DE-HB,00+,2021,45,2021-11-14,0,0,0,0,0,0,0,0,0,0,0,0
DE-HB,00+,2021,46,2021-11-21,0,0,0,0,0,0,0,0,0,0,0,0
DE-HB,00+,2021,47,2021-11-28,0,0,0,0,0,0,0,0,0,0,0,0
DE-HB,00+,2021,48,2021-12-05,0,0,0,0,0,0,0,0,0,0,0,0
DE-HB,00+,2021,49,2021-12-12,0,0,0,0,0,0,0,0,0,0,0,0
DE-HB,00+,2021,50,2021-12-19,2,0,0,0,0,0,0,0,0,0,0,0
DE-HB,00+,2021,51,2021-12-26,0,0,0,0,0,0,0,0,0,0,0,0
DE-HB,00+,2021,52,2022-01-02,0,0,0,0,0,0,0,0,0,0,0,0
DE-HB,00+,2022,1,2022-01-09,0,0,0,0,0,0,0,0,0,0,0,0
DE-HB,00+,2022,2,2022-01-16,0,0,0,0,0,0,0,0,0,0,0,0
DE-HB,00+,2022,3,2022-01-23,0,0,0,0,0,0,0,0,0,0,0,0
DE-HB,00+,2022,4,2022-01-30,1,0,0,0,0,0,0,0,0,0,0,0
DE-HB,00+,2022,5,2022-02-06,0,0,0,0,0,0,0,0,0,0,0,0
DE-HB,00+,2022,6,2022-02-13,0,0,0,0,0,0,0,0,0,0,0,0
DE-HB,00+,2022,7,2022-02-20,0,0,0,0,0,0,0,0,0,0,0,0
DE-HB,00+,2022,8,2022-02-27,0,0,0,0,0,0,0,0,0,0,0,0
DE-HB,00+,2022,9,2022-03-06,0,0,0,0,0,0,0,0,0,0,0,0
DE-HB,00+,2022,10,2022-03-13,2,0,0,0,0,0,0,0,0,0,0,0
DE-HB,00+,2022,11,2022-03-20,0,2,0,0,0,0,0,0,0,0,0,0
DE-HB,00+,2022,12,2022-03-27,1,0,0,0,0,0,0,0,0,0,0,0
DE-HB,00+,2022,13,2022-04-03,3,0,0,0,0,0,0,0,0,0,0,0
DE-HB,00+,2022,14,2022-04-10,0,0,0,0,0,0,0,0,0,0,0,0
DE-HB,00+,2022,15,2022-04-17,1,0,0,0,0,0,0,0,0,0,0,0
DE-HB,00+,2022,16,2022-04-24,0,0,0,0,0,0,0,0,0,0,0,0
DE-HB,00+,2022,17,2022-05-01,0,0,0,0,0,0,0,0,0,0,0,0
DE-HB,00+,2022,18,2022-05-08,0,0,0,0,0,0,0,0,0,0,0,0
DE-HB,00+,2022,19,2022-05-15,1,0,0,0,0,0,0,0,0,0,0,0
DE-HB,00+,2022,20,2022-05-22,0,0,0,0,0,0,0,0,0,0,0,0
DE-HB,00+,2022,21,2022-05-29,1,0,0,0,0,0,0,0,0,0,0,0
DE-HB,00+,2022,22,2022-06-05,2,0,0,0,0,0,0,0,0,0,0,0
DE-HB,00+,2022,23,2022-06-12,0,0,0,0,0,0,0,0,0,0,0,0
DE-HB,00+,2022,24,2022-06-19,0,0,0,0,0,0,0,0,0,0,0,0
DE-HB,00+,2022,25,2022-06-26,0,0,0,0,0,0,0,0,0,0,0,0
DE-HB,00+,2022,26,2022-07-03,2,0,0,0,0,0,0,0,0,0,0,0
DE-HB,00+,2022,27,2022-07-10,0,0,0,0,0,0,0,0,0,0,0,0
DE-HB,00+,2022,28,2022-07-17,1,0,0,0,0,0,0,0,0,0,0,0
DE-HB,00+,2022,29,2022-07-24,4,0,0,0,0,0,0,0,0,0,0,0
DE-HB,00+,2022,30,2022-07-31,0,0,0,0,0,0,0,0,0,0,0,0
DE-HB,00+,2022,31,2022-08-07,0,0,0,0,0,0,0,0,0,0,0,0
DE-HB,00+,2022,32,2022-08-14,0,0,0,0,0,0,0,0,0,0,0,0
DE-HB,00+,2022,33,2022-08-21,3,0,0,0,0,0,0,0,0,0,0,0
DE-HB,00+,2022,34,2022-08-28,0,0,0,0,0,0,0,0,0,0,0,0
DE-HB,00+,2022,35,2022-09-04,0,0,0,0,0,0,0,0,0,0,0,0
DE-HB,00+,2022,36,2022-09-11,0,0,0,0,0,0,0,0,0,0,0,0
DE-HB,00+,2022,37,2022-09-18,0,0,0,0,0,0,0,0,0,0,0,0
DE-HB,00+,2022,38,2022-09-25,0,0,0,0,0,0,0,0,0,0,0,0
DE-HB,00+,2022,39,2022-10-02,0,0,0,0,0,0,0,0,0,0,0,0
DE-HB,00+,2022,40,2022-10-09,2,0,0,0,0,0,0,0,0,0,0,0
DE-HB,00+,2022,41,2022-10-16,6,0,0,0,0,0,0,0,0,0,0,0
DE-HB,00+,2022,42,2022-10-23,2,0,0,0,0,0,0,0,0,0,0,0
DE-HB,00+,2022,43,2022-10-30,3,0,0,0,0,0,0,0,0,0,0,0
DE-HB,00+,2022,44,2022-11-06,2,0,0,0,0,0,0,0,0,0,0,0
DE-HB,00+,2022,45,2022-11-13,2,0,0,0,0,0,0,0,0,0,0,0
DE-HB,00+,2022,46,2022-11-20,0,0,0,0,0,0,0,0,0,0,,
DE-HB,00+,2022,47,2022-11-27,0,0,0,0,0,0,0,0,0,,,
DE-HB,00+,2022,48,2022-12-04,1,0,0,0,0,0,0,0,,,,
DE-HB,00+,2022,49,2022-12-11,0,0,0,0,0,0,0,,,,,
DE-HB,00+,2022,50,2022-12-18,1,0,0,0,0,0,,,,,,
DE-HB,00+,2022,51,2022-12-25,0,0,0,0,0,,,,,,,
DE-HB,00+,2022,52,2023-01-01,7,0,0,0,,,,,,,,
DE-HB,00+,2023,1,2023-01-08,2,0,0,,,,,,,,,
DE-HB,00+,2023,2,2023-01-15,4,0,,,,,,,,,,
DE-HB,00+,2023,3,2023-01-22,1,,,,,,,,,,,
DE-HE,00+,2021,44,2021-11-07,0,1,0,0,0,0,0,0,0,0,0,0
DE-HE,00+,2021,45,2021-11-14,3,0,0,0,0,0,0,0,0,0,0,0
DE-HE,00+,2021,46,2021-11-21,2,0,0,0,0,0,0,0,0,0,0,0
DE-HE,00+,2021,47,2021-11-28,0,0,0,0,0,0,0,0,0,0,0,0
DE-HE,00+,2021,48,2021-12-05,1,1,0,0,0,0,0,0,0,0,0,0
DE-HE,00+,2021,49,2021-12-12,0,0,0,0,0,0,0,0,0,0,2,0
DE-HE,00+,2021,50,2021-12-19,0,0,0,0,0,0,0,0,0,3,0,0
DE-HE,00+,2021,51,2021-12-26,0,0,0,0,0,0,0,0,1,0,0,0
DE-HE,00+,2021,52,2022-01-02,1,0,0,0,0,0,0,1,0,0,0,0
DE-HE,00+,2022,1,2022-01-09,2,0,0,0,0,0,2,0,0,0,0,0
DE-HE,00+,2022,2,2022-01-16,0,0,0,0,0,0,0,0,0,0,0,0
DE-HE,00+,2022,3,2022-01-23,0,0,0,0,0,0,0,0,0,0,0,0
DE-HE,00+,2022,4,2022-01-30,0,0,0,0,0,0,0,0,0,0,0,0
DE-HE,00+,2022,5,2022-02-06,0,0,0,0,0,0,0,0,0,0,0,0
DE-HE,00+,2022,6,2022-02-13,0,0,1,1,0,0,0,0,0,0,0,0
DE-HE,00+,2022,7,2022-02-20,0,1,0,0,1,0,0,0,0,0,0,0
DE-HE,00+,2022,8,2022-02-27,0,2,0,0,0,0,0,0,1,0,0,0
DE-HE,00+,2022,9,2022-03-06,3,0,0,1,0,0,0,0,0,0,0,0
DE-HE,00+,2022,10,2022-03-13,2,1,0,0,0,0,0,0,0,0,0,0
DE-HE,00+,2022,11,2022-03-20,1,0,0,0,0,0,0,0,0,0,0,0
DE-HE,00+,2022,12,2022-03-27,1,0,0,0,0,0,0,0,0,0,0,0
DE-HE,00+,2022,13,2022-04-03,3,0,0,0,0,0,0,0,0,0,0,1
DE-HE,00+,2022,14,2022-04-10,0,0,0,0,0,0,0,0,0,0,0,0
DE-HE,00+,2022,15,2022-04-17,0,0,0,0,0,0,0,0,0,0,0,0
DE-HE,00+,2022,16,2022-04-24,1,0,0,0,1,0,0,0,0,0,0,0
DE-HE,00+,2022,17,2022-05-01,2,0,0,0,0,0,0,0,0,0,0,0
DE-HE,00+,2022,18,2022-05-08,5,0,1,0,0,0,0,0,0,0,0,0
DE-HE,00+,2022,19,2022-05-15,3,0,0,0,0,0,0,0,0,0,0,0
DE-HE,00+,2022,20,2022-05-22,2,0,0,0,0,0,0,0,0,0,0,0
DE-HE,00+,2022,21,2022-05-29,3,0,0,0,0,0,0,0,0,0,0,0
DE-HE,00+,2022,22,2022-06-05,1,0,0,0,0,0,0,0,0,0,0,0
DE-HE,00+,2022,23,2022-06-12,4,0,0,0,0,0,0,0,0,0,0,0
DE-HE,00+,2022,24,2022-06-19,3,0,0,0,0,0,0,0,0,0,0,0
DE-HE,00+,2022,25,2022-06-26,3,0,0,0,0,0,0,0,0,0,0,0
DE-HE,00+,2022,26,2022-07-03,2,0,0,0,1,0,0,0,0,0,0,0
DE-HE,00+,2022,27,2022-07-10,2,1,0,0,0,0,0,0,0,0,0,0
DE-HE,00+,2022,28,2022-07-17,4,0,0,0,0,0,0,0,0,0,0,0
DE-HE,00+,2022,29,2022-07-24,3,0,0,0,0,0,0,0,0,0,0,0
DE-HE,00+,2022,30,2022-07-31,2,0,0,0,0,0,0,0,0,0,0,0
DE-HE,00+,2022,31,2022-08-07,0,0,0,0,0,0,0,0,0,0,0,0
DE-HE,00+,2022,32,2022-08-14,4,0,0,0,0,0,0,0,0,0,0,0
DE-HE,00+,2022,33,2022-08-21,2,0,0,0,0,0,0,0,0,0,0,0
DE-HE,00+,2022,34,2022-08-28,3,0,0,0,0,0,0,0,0,0,0,0
DE-HE,00+,2022,35,2022-09-04,1,0,0,0,0,0,0,0,0,0,0,0
DE-HE,00+,2022,36,2022-09-11,3,0,0,0,0,0,0,0,0,0,0,0
DE-HE,00+,2022,37,2022-09-18,0,0,0,0,0,0,0,0,0,0,0,0
DE-HE,00+,2022,38,2022-09-25,1,0,0,0,0,0,0,0,0,0,0,0
DE-HE,00+,2022,39,2022-10-02,4,0,0,0,0,0,1,0,0,0,0,0
DE-HE,00+,2022,40,2022-10-09,5,0,0,0,0,0,0,0,0,0,0,0
DE-HE,00+,2022,41,2022-10-16,3,1,0,0,0,0,0,0,0,0,0,0
DE-HE,00+,2022,42,2022-10-23,1,1,0,0,0,0,0,0,0,0,0,0
DE-HE,00+,2022,43,2022-10-30,4,0,0,0,0,0,0,0,0,0,0,0
DE-HE,00+,2022,44,2022-11-06,9,0,0,0,0,0,0,0,0,0,0,0
DE-HE,00+,2022,45,2022-11-13,5,2,0,0,0,0,0,0,0,0,0,0
DE-HE,00+,2022,46,2022-11-20,7,0,0,0,0,0,0,0,0,0,,
DE-HE,00+,2022,47,2022-11-27,4,0,0,0,0,0,0,0,0,,,
DE-HE,00+,2022,48,2022-12-04,3,1,0,0,0,0,0,0,,,,
DE-HE,00+,2022,49,2022-12-11,8,0,1,0,0,0,0,,,,,
DE-HE,00+,2022,50,2022-12-18,17,2,0,0,0,0,,,,,,
DE-HE,00+,2022,51,2022-12-25,15,0,1,1,1,,,,,,,
DE-HE,00+,2022,52,2023-01-01,14,1,0,0,,,,,,,,
DE-HE,00+,2023,1,2023-01-08,24,1,0,,,,,,,,,
DE-HE,00+,2023,2,2023-01-15,10,1,,,,,,,,,,
DE-HE,00+,2023,3,2023-01-22,6,,,,,,,,,,,
DE-HH,00+,2021,44,2021-11-07,0,0,0,0,0,0,0,0,0,0,0,0
DE-HH,00+,2021,45,2021-11-14,0,0,0,0,0,0,0,0,0,0,0,0
DE-HH,00+,2021,46,2021-11-21,0,0,0,0,0,0,0,0,0,0,0,0
DE-HH,00+,2021,47,2021-11-28,0,0,0,0,0,0,0,0,0,0,0,0
DE-HH,00+,2021,48,2021-12-05,1,0,0,0,0,0,0,0,0,0,0,0
DE-HH,00+,2021,49,2021-12-12,0,0,0,0,0,0,0,0,0,0,0,0
DE-HH,00+,2021,50,2021-12-19,0,0,0,0,0,0,0,0,0,0,0,0
DE-HH,00+,2021,51,2021-12-26,0,0,0,0,0,0,0,0,0,0,0,0
DE-HH,00+,2021,52,2022-01-02,0,0,0,0,0,0,0,0,0,0,0,0
DE-HH,00+,2022,1,2022-01-09,0,0,0,0,0,0,0,0,0,0,0,0
DE-HH,00+,2022,2,2022-01-16,0,0,0,0,0,0,0,0,0,0,0,0
DE-HH,00+,2022,3,2022-01-23,0,0,0,0,0,0,0,0,0,0,0,0
DE-HH,00+,2022,4,2022-01-30,0,0,0,0,0,0,0,0,0,0,0,0
DE-HH,00+,2022,5,2022-02-06,0,0,0,0,0,0,0,0,0,0,0,0
DE-HH,00+,2022,6,2022-02-13,0,0,0,0,0,1,0,0,0,0,0,0
DE-HH,00+,2022,7,2022-02-20,0,0,0,0,0,0,0,0,0,0,0,0
DE-HH,00+,2022,8,2022-02-27,0,0,0,0,0,0,0,0,0,0,0,0
DE-HH,00+,2022,9,2022-03-06,1,0,0,0,0,0,0,0,0,0,0,0
DE-HH,00+,2022,10,2022-03-13,1,0,0,0,0,0,0,0,0,0,0,0
DE-HH,00+,2022,11,2022-03-20,1,0,0,0,0,0,0,0,0,0,0,0
DE-HH,00+,2022,12,2022-03-27,0,0,0,0,0,0,0,0,0,0,0,0
DE-HH,00+,2022,13,2022-04-03,1,0,0,0,0,0,0,0,0,0,0,0
DE-HH,00+,2022,14,2022-04-10,0,0,0,0,0,0,0,0,0,0,0,1
DE-HH,00+,2022,15,2022-04-17,0,0,0,0,0,0,0,0,0,0,0,0
DE-HH,00+,2022,16,2022-04-24,2,0,0,0,0,0,0,0,0,0,0,0
DE-HH,00+,2022,17,2022-05-01,2,0,0,0,0,0,0,0,0,0,0,0
DE-HH,00+,2022,18,2022-05-08,1,0,0,0,0,0,0,0,0,0,0,0
DE-HH,00+,2022,19,2022-05-15,3,0,0,0,0,0,0,0,0,0,0,0
DE-HH,00+,2022,20,2022-05-22,0,0,0,0,0,0,0,0,0,0,0,0
DE-HH,00+,2022,21,2022-05-29,2,1,0,0,0,0,0,0,0,0,0,0
DE-HH,00+,2022,22,2022-06-05,1,0,0,0,0,0,0,0,0,0,0,0
DE-HH,00+,2022,23,2022-06-12,2,1,0,0,0,0,0,0,0,0,0,0
DE-HH,00+,2022,24,2022-06-19,1,0,0,0,0,0,0,0,0,0,0,0
DE-HH,00+,2022,25,2022-06-26,2,0,0,0,0,0,0,0,0,0,0,0
DE-HH,00+,2022,26,2022-07-03,0,0,0,0,0,0,0,0,0,0,0,0
DE-HH,00+,2022,27,2022-07-10,0,0,0,0,0,0,0,0,0,0,0,0
DE-HH,00+,2022,28,2022-07-17,3,1,0,0,0,0,0,0,0,0,0,0
DE-HH,00+,2022,29,2022-07-24,2,0,0,0,0,0,0,0,0,0,0,0
DE-HH,00+,2022,30,2022-07-31,1,1,0,0,0,0,0,0,0,0,0,0
DE-HH,00+,2022,31,2022-08-07,0,0,0,0,0,0,0,0,0,0,0,0
DE-HH,00+,2022,32,2022-08-14,1,0,0,0,0,0,0,0,0,0,0,0
DE-HH,00+,2022,33,2022-08-21,1,0,0,0,0,0,0,0,0,0,0,0
DE-HH,00+,2022,34,2022-08-28,0,0,0,0,0,0,0,0,0,0,0,0
DE-HH,00+,2022,35,2022-09-04,3,1,0,0,0,0,0,0,0,0,0,0
DE-HH,00+,2022,36,2022-09-11,2,0,0,0,0,0,0,0,0,0,0,0
DE-HH,00+,2022,37,2022-09-18,4,0,0,0,0,0,0,0,0,0,0,0
DE-HH,00+,2022,38,2022-09-25,1,0,0,0,0,0,0,0,0,0,0,0
DE-HH,00+,2022,39,2022-10-02,1,0,0,0,0,0,0,0,0,0,0,0
DE-HH,00+,2022,40,2022-10-09,2,0,0,0,0,0,0,0,0,0,0,0
DE-HH,00+,2022,41,2022-10-16,3,1,0,0,0,0,0,0,0,0,0,0
DE-HH,00+,2022,42,2022-10-23,1,0,0,0,0,0,0,0,0,0,0,0
DE-HH,00+,2022,43,2022-10-30,1,0,0,0,0,0,0,0,0,0,0,0
DE-HH,00+,2022,44,2022-11-06,2,0,0,0,0,0,0,0,0,0,0,0
DE-HH,00+,2022,45,2022-11-13,4,0,0,0,0,0,0,0,0,0,0,0
DE-HH,00+,2022,46,2022-11-20,3,0,0,0,0,0,0,0,0,0,,
DE-HH,00+,2022,47,2022-11-27,1,1,0,0,0,0,0,0,0,,,
DE-HH,00+,2022,48,2022-12-04,3,0,0,0,0,0,0,0,,,,
DE-HH,00+,2022,49,2022-12-11,4,0,0,0,0,0,0,,,,,
DE-HH,00+,2022,50,2022-12-18,4,0,0,0,0,0,,,,,,
DE-HH,00+,2022,51,2022-12-25,8,0,0,0,0,,,,,,,
DE-HH,00+,2022,52,2023-01-01,10,1,0,0,,,,,,,,
DE-HH,00+,2023,1,2023-01-08,6,0,0,,,,,,,,,
DE-HH,00+,2023,2,2023-01-15,4,1,,,,,,,,,,
DE-HH,00+,2023,3,2023-01-22,3,,,,,,,,,,,
DE-MV,00+,2021,44,2021-11-07,0,3,0,0,0,0,0,0,0,0,0,0
DE-MV,00+,2021,45,2021-11-14,4,0,0,0,0,0,0,0,0,0,0,0
DE-MV,00+,2021,46,2021-11-21,1,0,0,0,0,0,0,0,0,0,0,0
DE-MV,00+,2021,47,2021-11-28,2,0,0,0,0,0,0,0,0,0,0,2
DE-MV,00+,2021,48,2021-12-05,0,0,0,0,0,0,0,0,0,0,0,0
DE-MV,00+,2021,49,2021-12-12,0,0,0,0,0,0,0,0,0,0,0,1
DE-MV,00+,2021,50,2021-12-19,0,0,0,0,0,0,0,0,0,0,0,0
DE-MV,00+,2021,51,2021-12-26,0,0,0,0,0,0,0,0,0,1,0,1
DE-MV,00+,2021,52,2022-01-02,0,1,0,0,0,0,0,0,2,0,0,0
DE-MV,00+,2022,1,2022-01-09,0,0,0,0,0,0,0,3,0,0,0,0
DE-MV,00+,2022,2,2022-01-16,0,0,0,0,0,0,6,0,0,0,0,0
DE-MV,00+,2022,3,2022-01-23,1,0,0,0,0,0,0,0,0,0,0,0
DE-MV,00+,2022,4,2022-01-30,0,0,0,0,3,0,0,0,0,0,0,0
DE-MV,00+,2022,5,2022-02-06,0,0,0,0,0,0,0,0,0,0,0,0
DE-MV,00+,2022,6,2022-02-13,1,0,0,0,0,0,0,0,0,0,0,0
DE-MV,00+,2022,7,2022-02-20,1,0,0,0,0,0,0,0,0,0,0,0
DE-MV,00+,2022,8,2022-02-27,2,0,0,0,0,0,0,0,0,0,0,0
DE-MV,00+,2022,9,2022-03-06,4,0,0,0,0,0,0,0,0,0,0,0
DE-MV,00+,2022,10,2022-03-13,1,0,0,0,0,0,0,0,0,0,0,0
DE-MV,00+,2022,11,2022-03-20,2,1,0,0,0,0,0,0,0,0,0,0
DE-MV,00+,2022,12,2022-03-27,0,0,0,0,0,0,0,0,0,0,0,0
DE-MV,00+,2022,13,2022-04-03,0,0,0,0,0,0,0,0,0,0,0,0
DE-MV,00+,2022,14,2022-04-10,4,0,0,0,0,0,0,0,0,0,0,0
DE-MV,00+,2022,15,2022-04-17,1,0,0,0,0,0,0,0,0,0,0,0
DE-MV,00+,2022,16,2022-04-24,2,0,0,0,0,0,0,0,0,0,0,0
DE-MV,00+,2022,17,2022-05-01,2,0,0,0,0,0,0,0,0,0,0,0
DE-MV,00+,2022,18,2022-05-08,4,0,0,0,0,0,0,0,0,0,0,0
DE-MV,00+,2022,19,2022-05-15,5,0,0,0,0,0,0,0,0,0,0,0
DE-MV,00+,2022,20,2022-05-22,1,0,0,0,0,0,0,0,0,0,0,0
DE-MV,00+,2022,21,2022-05-29,1,0,0,0,0,0,0,0,0,0,0,0
DE-MV,00+,2022,22,2022-06-05,6,0,0,0,0,0,0,0,0,0,0,0
DE-MV,00+,2022,23,2022-06-12,1,1,0,0,0,0,0,0,0,0,0,0
DE-MV,00+,2022,24,2022-06-19,3,0,0,0,0,0,0,0,0,0,0,0
DE-MV,00+,2022,25,2022-06-26,1,0,0,0,0,0,0,0,0,0,0,0
DE-MV,00+,2022,26,2022-07-03,3,0,0,0,0,0,0,0,0,0,0,0
DE-MV,00+,2022,27,2022-07-10,2,0,0,0,0,0,0,0,0,0,0,0
DE-MV,00+,2022,28,2022-07-17,1,0,0,0,0,0,0,0,0,0,0,0
DE-MV,00+,2022,29,2022-07-24,0,0,0,0,0,0,0,0,0,0,0,0
DE-MV,00+,2022,30,2022-07-31,0,1,0,0,0,0,0,0,0,0,0,0
DE-MV,00+,2022,31,2022-08-07,0,0,0,0,0,0,0,0,0,0,0,0
DE-MV,00+,2022,32,2022-08-14,3,1,0,0,0,0,0,0,0,0,0,0
DE-MV,00+,2022,33,2022-08-21,2,1,0,0,0,0,0,0,0,0,0,0
DE-MV,00+,2022,34,2022-08-28,1,0,0,0,0,0,0,0,0,0,0,0
DE-MV,00+,2022,35,2022-09-04,0,0,0,0,0,0,0,0,0,0,0,0
DE-MV,00+,2022,36,2022-09-11,2,0,0,0,0,0,0,0,0,0,0,0
DE-MV,00+,2022,37,2022-09-18,3,0,0,0,0,0,0,0,0,0,0,0
DE-MV,00+,2022,38,2022-09-25,0,0,0,0,0,0,0,0,0,0,0,0
DE-MV,00+,2022,39,2022-10-02,2,0,0,0,0,0,0,0,0,0,0,0
DE-MV,00+,2022,40,2022-10-09,3,0,0,0,0,0,0,0,0,0,0,0
DE-MV,00+,2022,41,2022-10-16,3,0,0,0,0,0,0,0,0,0,0,0
DE-MV,00+,2022,42,2022-10-23,4,0,0,0,0,0,0,0,0,0,0,0
DE-MV,00+,2022,43,2022-10-30,7,0,1,0,0,0,0,0,0,0,0,0
DE-MV,00+,2022,44,2022-11-06,4,0,0,0,0,0,0,0,0,0,0,0
DE-MV,00+,2022,45,2022-11-13,0,0,0,0,0,0,0,0,0,0,0,0
DE-MV,00+,2022,46,2022-11-20,1,0,0,0,0,0,0,0,0,0,,
DE-MV,00+,2022,47,2022-11-27,2,0,0,0,0,0,0,0,0,,,
DE-MV,00+,2022,48,2022-12-04,6,0,0,0,0,0,0,0,,,,
DE-MV,00+,2022,49,2022-12-11,6,0,0,0,0,0,0,,,,,
DE-MV,00+,2022,50,2022-12-18,6,3,0,0,0,0,,,,,,
DE-MV,00+,2022,51,2022-12-25,6,0,0,0,0,,,,,,,
DE-MV,00+,2022,52,2023-01-01,4,0,0,0,,,,,,,,
DE-MV,00+,2023,1,2023-01-08,8,0,0,,,,,,,,,
DE-MV,00+,2023,2,2023-01-15,5,1,,,,,,,,,,
DE-MV,00+,2023,3,2023-01-22,5,,,,,,,,,,,
DE-NI,00+,2021,44,2021-11-07,0,2,0,0,0,0,0,0,0,0,0,1
DE-NI,00+,2021,45,2021-11-14,3,0,0,0,0,0,0,0,0,0,0,0
DE-NI,00+,2021,46,2021-11-21,2,0,0,0,0,0,0,0,0,0,0,0
DE-NI,00+,2021,47,2021-11-28,2,0,0,0,1,0,0,0,0,0,0,2
DE-NI,00+,2021,48,2021-12-05,2,0,0,0,0,0,0,0,0,0,0,1
DE-NI,00+,2021,49,2021-12-12,1,0,0,0,0,0,0,0,0,0,0,1
DE-NI,00+,2021,50,2021-12-19,1,0,0,0,0,0,0,0,0,0,7,0
DE-NI,00+,2021,51,2021-12-26,1,0,0,0,0,0,0,0,0,6,0,0
DE-NI,00+,2021,52,2022-01-02,0,0,0,0,0,0,0,0,1,0,0,0
DE-NI,00+,2022,1,2022-01-09,0,0,0,0,0,0,0,3,0,0,0,0
DE-NI,00+,2022,2,2022-01-16,0,0,0,0,0,0,4,0,0,0,0,0
DE-NI,00+,2022,3,2022-01-23,0,0,0,0,0,4,0,0,0,0,0,0
DE-NI,00+,2022,4,2022-01-30,0,0,0,0,3,0,0,0,0,0,0,0
DE-NI,00+,2022,5,2022-02-06,0,0,0,0,0,0,0,0,0,0,0,0
DE-NI,00+,2022,6,2022-02-13,0,0,5,0,0,0,0,0,0,0,0,0
DE-NI,00+,2022,7,2022-02-20,2,2,0,0,0,0,0,0,0,0,0,0
DE-NI,00+,2022,8,2022-02-27,0,0,0,0,0,0,0,0,0,0,0,0
DE-NI,00+,2022,9,2022-03-06,1,0,0,0,0,0,0,0,0,0,0,0
DE-NI,00+,2022,10,2022-03-13,5,1,0,0,0,0,0,0,0,0,0,0
DE-NI,00+,2022,11,2022-03-20,2,0,0,0,0,0,0,0,0,0,0,0
DE-NI,00+,2022,12,2022-03-27,4,0,0,0,0,0,0,0,0,0,0,0
DE-NI,00+,2022,13,2022-04-03,3,0,0,0,0,0,0,0,0,0,0,0
DE-NI,00+,2022,14,2022-04-10,2,2,0,0,0,0,0,0,0,0,0,0
DE-NI,00+,2022,15,2022-04-17,3,1,1,0,0,0,0,0,0,0,0,0
DE-NI,00+,2022,16,2022-04-24,4,0,0,0,0,0,0,0,0,0,0,0
DE-NI,00+,2022,17,2022-05-01,4,0,0,0,0,0,0,0,0,0,0,0
DE-NI,00+,2022,18,2022-05-08,1,0,1,0,0,0,0,0,0,0,0,0
DE-NI,00+,2022,19,2022-05-15,5,0,0,0,0,0,0,0,0,0,0,0
DE-NI,00+,2022,20,2022-05-22,7,0,0,0,0,0,0,0,0,0,0,0
DE-NI,00+,2022,21,2022-05-29,1,2,0,0,0,0,0,0,0,0,0,0
DE-NI,00+,2022,22,2022-06-05,5,1,0,0,0,0,0,0,0,0,0,0
DE-NI,00+,2022,23,2022-06-12,8,0,0,1,0,0,0,0,0,0,0,0
DE-NI,00+,2022,24,2022-06-19,7,0,0,0,0,0,0,0,0,0,0,0
DE-NI,00+,2022,25,2022-06-26,7,0,0,0,0,0,0,0,0,0,0,0
DE-NI,00+,2022,26,2022-07-03,3,1,0,0,0,0,0,0,0,0,0,0
DE-NI,00+,2022,27,2022-07-10,3,0,0,0,0,0,0,0,0,0,0,0
DE-NI,00+,2022,28,2022-07-17,2,2,0,0,0,0,0,0,0,0,0,0
DE-NI,00+,2022,29,2022-07-24,1,2,1,0,0,0,0,0,0,0,0,0
DE-NI,00+,2022,30,2022-07-31,2,0,0,0,0,0,0,0,0,0,0,0
DE-NI,00+,2022,31,2022-08-07,8,0,0,0,0,0,0,0,0,0,0,0
DE-NI,00+,2022,32,2022-08-14,4,0,0,0,0,0,0,0,0,0,0,0
DE-NI,00+,2022,33,2022-08-21,2,1,0,0,0,0,0,0,0,0,0,0
DE-NI,00+,2022,34,2022-08-28,1,1,0,0,0,0,0,0,0,0,0,0
DE-NI,00+,2022,35,2022-09-04,1,0,0,0,0,0,0,0,0,0,0,0
DE-NI,00+,2022,36,2022-09-11,1,0,0,0,0,0,0,0,0,0,0,0
DE-NI,00+,2022,37,2022-09-18,3,0,0,0,0,0,0,0,0,0,0,0
DE-NI,00+,2022,38,2022-09-25,3,0,0,0,0,0,0,0,0,0,0,0
DE-NI,00+,2022,39,2022-10-02,5,0,0,0,0,0,0,0,0,0,0,0
DE-NI,00+,2022,40,2022-10-09,9,0,0,0,0,0,0,0,0,0,0,0
DE-NI,00+,2022,41,2022-10-16,4,1,0,0,0,0,0,0,0,0,0,0
DE-NI,00+,2022,42,2022-10-23,11,0,1,0,0,0,0,0,0,0,0,0
DE-NI,00+,2022,43,2022-10-30,6,0,0,0,0,0,0,0,0,0,0,0
DE-NI,00+,2022,44,2022-11-06,6,2,0,0,0,0,0,0,0,0,0,0
DE-NI,00+,2022,45,2022-11-13,9,0,0,0,0,0,0,0,0,0,0,0
DE-NI,00+,2022,46,2022-11-20,3,0,0,0,0,0,0,0,0,0,,
DE-NI,00+,2022,47,2022-11-27,8,5,0,0,0,0,0,0,0,,,
DE-NI,00+,2022,48,2022-12-04,10,2,0,0,0,0,0,0,,,,
DE-NI,00+,2022,49,2022-12-11,11,0,0,0,0,0,0,,,,,
DE-NI,00+,2022,50,2022-12-18,19,2,1,1,0,0,,,,,,
DE-NI,00+,2022,51,2022-12-25,24,4,1,0,0,,,,,,,
DE-NI,00+,2022,52,2023-01-01,17,4,0,0,,,,,,,,
DE-NI,00+,2023,1,2023-01-08,39,0,0,,,,,,,,,
DE-NI,00+,2023,2,2023-01-15,17,0,,,,,,,,,,
DE-NI,00+,2023,3,2023-01-22,9,,,,,,,,,,,
DE-NW,00+,2021,44,2021-11-07,0,22,0,0,0,0,0,0,0,0,0,0
DE-NW,00+,2021,45,2021-11-14,14,0,0,0,0,0,0,0,0,0,0,3
DE-NW,00+,2021,46,2021-11-21,10,0,0,0,0,0,0,0,0,0,0,5
DE-NW,00+,2021,47,2021-11-28,6,0,0,0,0,0,0,0,0,0,0,8
DE-NW,00+,2021,48,2021-12-05,7,0,0,0,0,0,0,0,0,0,0,6
DE-NW,00+,2021,49,2021-12-12,2,0,0,0,0,0,0,0,0,0,0,18
DE-NW,00+,2021,50,2021-12-19,2,0,0,0,0,0,0,0,0,0,13,0
DE-NW,00+,2021,51,2021-12-26,1,0,0,0,0,0,0,0,0,12,0,0
DE-NW,00+,2021,52,2022-01-02,1,0,0,0,0,0,0,0,12,0,0,0
DE-NW,00+,2022,1,2022-01-09,2,0,1,0,0,0,0,11,0,0,1,1
DE-NW,00+,2022,2,2022-01-16,2,0,0,0,0,0,5,0,0,0,0,0
DE-NW,00+,2022,3,2022-01-23,0,0,0,0,0,3,1,0,0,0,0,0
DE-NW,00+,2022,4,2022-01-30,0,0,0,0,7,1,0,0,0,0,0,0
DE-NW,00+,2022,5,2022-02-06,1,0,0,9,2,0,1,0,0,0,0,2
DE-NW,00+,2022,6,2022-02-13,0,0,5,1,1,1,0,0,0,0,0,0
DE-NW,00+,2022,7,2022-02-20,0,4,0,0,3,0,0,0,0,0,0,0
DE-NW,00+,2022,8,2022-02-27,1,0,0,2,0,0,0,0,0,0,0,0
DE-NW,00+,2022,9,2022-03-06,8,0,0,0,0,0,0,0,0,0,0,1
DE-NW,00+,2022,10,2022-03-13,4,0,0,0,0,0,0,0,0,0,0,0
DE-NW,00+,2022,11,2022-03-20,7,0,0,0,0,0,0,0,0,0,0,1
DE-NW,00+,2022,12,2022-03-27,16,1,0,0,0,0,0,0,0,0,0,0
DE-NW,00+,2022,13,2022-04-03,14,0,0,0,0,0,0,0,0,0,0,0
DE-NW,00+,2022,14,2022-04-10,10,1,0,0,0,0,0,0,0,0,0,0
DE-NW,00+,2022,15,2022-04-17,14,1,0,0,0,0,0,0,0,0,0,3
DE-NW,00+,2022,16,2022-04-24,13,4,1,0,0,0,0,0,0,0,0,0
DE-NW,00+,2022,17,2022-05-01,20,2,0,0,0,0,0,0,0,0,0,1
DE-NW,00+,2022,18,2022-05-08,10,0,0,0,0,0,0,0,0,0,0,1
DE-NW,00+,2022,19,2022-05-15,14,0,0,0,0,0,0,0,0,0,0,0
DE-NW,00+,2022,20,2022-05-22,19,1,0,0,0,0,0,0,1,0,0,0
DE-NW,00+,2022,21,2022-05-29,8,1,0,0,0,0,0,0,0,0,0,0
DE-NW,00+,2022,22,2022-06-05,12,1,0,0,0,0,1,0,0,0,0,0
DE-NW,00+,2022,23,2022-06-12,13,0,0,0,0,1,0,0,0,0,0,0
DE-NW,00+,2022,24,2022-06-19,8,0,0,0,1,0,0,2,0,0,0,0
DE-NW,00+,2022,25,2022-06-26,21,1,0,0,0,0,0,0,0,0,0,0
DE-NW,00+,2022,26,2022-07-03,21,0,0,0,0,0,0,0,0,0,0,0
DE-NW,00+,2022,27,2022-07-10,8,1,0,0,0,0,0,0,0,0,0,0
DE-NW,00+,2022,28,2022-07-17,15,0,0,1,0,0,0,0,0,0,0,0
DE-NW,00+,2022,29,2022-07-24,7,3,1,0,0,0,0,0,0,0,0,0
DE-NW,00+,2022,30,2022-07-31,8,2,0,0,0,0,0,0,0,0,0,0
DE-NW,00+,2022,31,2022-08-07,7,1,0,0,0,0,0,0,0,0,0,0
DE-NW,00+,2022,32,2022-08-14,9,1,0,0,0,0,0,0,0,0,0,0
DE-NW,00+,2022,33,2022-08-21,10,0,0,0,0,0,0,0,0,0,0,0
DE-NW,00+,2022,34,2022-08-28,4,2,1,0,0,0,0,0,0,0,0,0
DE-NW,00+,2022,35,2022-09-04,9,0,0,0,0,0,0,0,0,0,0,0
DE-NW,00+,2022,36,2022-09-11,14,1,0,0,0,0,0,0,0,0,0,0
DE-NW,00+,2022,37,2022-09-18,20,0,1,0,0,0,0,0,0,0,0,0
DE-NW,00+,2022,38,2022-09-25,19,1,0,0,0,0,0,0,0,0,0,0
DE-NW,00+,2022,39,2022-10-02,23,0,0,0,1,0,0,0,0,0,0,0
DE-NW,00+,2022,40,2022-10-09,21,3,0,0,0,0,0,0,0,0,0,0
DE-NW,00+,2022,41,2022-10-16,17,1,1,0,0,0,0,0,0,0,0,0
DE-NW,00+,2022,42,2022-10-23,26,1,0,0,1,0,0,0,0,0,0,0
DE-NW,00+,2022,43,2022-10-30,17,2,0,0,0,0,0,0,0,0,0,0
DE-NW,00+,2022,44,2022-11-06,11,3,1,0,0,0,0,0,0,0,0,0
DE-NW,00+,2022,45,2022-11-13,23,2,0,0,0,0,0,0,0,0,0,0
DE-NW,00+,2022,46,2022-11-20,25,0,0,0,0,0,0,0,0,0,,
DE-NW,00+,2022,47,2022-11-27,17,2,1,0,0,0,0,0,0,,,
DE-NW,00+,2022,48,2022-12-04,38,6,0,0,0,2,0,0,,,,
DE-NW,00+,2022,49,2022-12-11,37,5,0,0,0,0,0,,,,,
DE-NW,00+,2022,50,2022-12-18,48,3,0,0,0,0,,,,,,
DE-NW,00+,2022,51,2022-12-25,62,4,0,0,0,,,,,,,
DE-NW,00+,2022,52,2023-01-01,54,6,1,0,,,,,,,,
DE-NW,00+,2023,1,2023-01-08,81,3,0,,,,,,,,,
DE-NW,00+,2023,2,2023-01-15,45,6,,,,,,,,,,
DE-NW,00+,2023,3,2023-01-22,21,,,,,,,,,,,
DE-RP,00+,2021,44,2021-11-07,0,4,0,0,0,0,0,0,0,0,0,0
DE-RP,00+,2021,45,2021-11-14,3,0,0,0,0,0,0,0,0,0,0,0
DE-RP,00+,2021,46,2021-11-21,1,0,0,0,0,0,0,0,0,0,0,0
DE-RP,00+,2021,47,2021-11-28,3,0,0,0,0,0,0,0,0,0,0,0
DE-RP,00+,2021,48,2021-12-05,2,0,0,0,0,0,0,0,0,0,0,0
DE-RP,00+,2021,49,2021-12-12,2,0,0,0,0,0,0,0,0,0,0,1
DE-RP,00+,2021,50,2021-12-19,2,0,0,0,0,0,0,0,0,0,1,0
DE-RP,00+,2021,51,2021-12-26,0,0,0,0,0,0,0,0,0,3,0,1
DE-RP,00+,2021,52,2022-01-02,0,0,0,0,0,0,0,0,7,0,0,0
DE-RP,00+,2022,1,2022-01-09,0,0,0,0,0,0,0,0,0,1,0,0
DE-RP,00+,2022,2,2022-01-16,0,0,0,0,0,0,0,0,0,0,0,0
DE-RP,00+,2022,3,2022-01-23,0,0,0,0,0,0,0,0,0,0,0,0
DE-RP,00+,2022,4,2022-01-30,0,0,0,0,0,0,0,0,0,0,0,0
DE-RP,00+,2022,5,2022-02-06,0,0,0,0,1,0,0,0,0,0,0,0
DE-RP,00+,2022,6,2022-02-13,0,0,2,0,0,0,0,0,0,0,0,0
DE-RP,00+,2022,7,2022-02-20,0,1,2,0,0,0,0,0,0,0,0,0
DE-RP,00+,2022,8,2022-02-27,0,0,0,0,0,0,0,0,0,0,0,0
DE-RP,00+,2022,9,2022-03-06,2,1,0,0,0,0,0,0,0,0,0,0
DE-RP,00+,2022,10,2022-03-13,0,0,0,0,0,0,0,0,0,0,0,0
DE-RP,00+,2022,11,2022-03-20,2,0,0,0,0,0,0,0,0,0,0,0
DE-RP,00+,2022,12,2022-03-27,1,0,0,0,0,0,0,0,0,0,0,0
DE-RP,00+,2022,13,2022-04-03,0,1,0,0,0,0,0,0,0,0,0,0
DE-RP,00+,2022,14,2022-04-10,2,0,0,0,0,0,0,0,0,0,0,0
DE-RP,00+,2022,15,2022-04-17,1,0,0,0,0,0,0,0,0,0,0,0
DE-RP,00+,2022,16,2022-04-24,1,0,0,0,0,0,0,0,0,0,0,0
DE-RP,00+,2022,17,2022-05-01,3,0,0,0,0,0,0,0,0,0,0,1
DE-RP,00+,2022,18,2022-05-08,5,0,0,0,0,0,0,0,0,0,0,0
DE-RP,00+,2022,19,2022-05-15,3,0,0,0,0,0,0,0,0,0,0,0
DE-RP,00+,2022,20,2022-05-22,1,0,0,0,0,0,0,0,0,0,0,0
DE-RP,00+,2022,21,2022-05-29,2,0,0,0,0,0,0,0,0,0,0,0
DE-RP,00+,2022,22,2022-06-05,2,0,0,0,0,0,0,0,0,0,0,0
DE-RP,00+,2022,23,2022-06-12,1,0,0,0,0,0,0,0,0,0,0,0
DE-RP,00+,2022,24,2022-06-19,2,0,1,0,0,0,0,0,0,0,0,0
DE-RP,00+,2022,25,2022-06-26,4,0,0,0,0,0,0,0,0,0,0,0
DE-RP,00+,2022,26,2022-07-03,2,0,0,0,0,0,0,0,0,0,0,0
DE-RP,00+,2022,27,2022-07-10,0,0,0,0,0,0,0,0,0,0,0,0
DE-RP,00+,2022,28,2022-07-17,3,1,0,0,0,0,0,0,0,0,0,0
DE-RP,00+,2022,29,2022-07-24,1,0,0,0,0,0,0,0,0,0,0,0
DE-RP,00+,2022,30,2022-07-31,3,0,0,0,0,0,0,0,0,0,0,0
DE-RP,00+,2022,31,2022-08-07,4,0,0,0,0,0,0,0,0,0,0,0
DE-RP,00+,2022,32,2022-08-14,1,0,0,0,0,0,0,0,0,0,0,0
DE-RP,00+,2022,33,2022-08-21,2,0,0,0,0,0,0,0,0,0,0,0
DE-RP,00+,2022,34,2022-08-28,3,0,0,0,0,0,0,0,0,0,0,0
DE-RP,00+,2022,35,2022-09-04,1,0,0,0,0,0,0,0,0,0,0,0
DE-RP,00+,2022,36,2022-09-11,1,1,0,0,0,0,0,0,0,0,0,0
DE-RP,00+,2022,37,2022-09-18,0,0,0,0,0,0,0,0,0,0,0,0
DE-RP,00+,2022,38,2022-09-25,0,0,0,0,0,0,0,0,0,0,0,0
DE-RP,00+,2022,39,2022-10-02,1,0,0,0,0,0,0,0,0,0,0,0
DE-RP,00+,2022,40,2022-10-09,2,0,0,0,0,0,0,0,0,0,0,0
DE-RP,00+,2022,41,2022-10-16,7,0,0,0,0,0,0,0,0,0,0,0
DE-RP,00+,2022,42,2022-10-23,3,0,0,0,0,0,0,0,0,0,0,0
DE-RP,00+,2022,43,2022-10-30,3,0,0,0,0,0,0,0,0,0,0,0
DE-RP,00+,2022,44,2022-11-06,4,0,0,0,0,0,0,0,0,0,0,0
DE-RP,00+,2022,45,2022-11-13,1,0,1,0,0,0,0,0,0,0,0,0
DE-RP,00+,2022,46,2022-11-20,1,1,0,0,0,0,0,0,0,0,,
DE-RP,00+,2022,47,2022-11-27,2,0,0,0,0,0,0,0,0,,,
DE-RP,00+,2022,48,2022-12-04,4,0,0,0,0,0,0,0,,,,
DE-RP,00+,2022,49,2022-12-11,6,0,0,0,0,0,0,,,,,
DE-RP,00+,2022,50,2022-12-18,11,2,0,1,0,1,,,,,,
DE-RP,00+,2022,51,2022-12-25,7,0,0,0,0,,,,,,,
DE-RP,00+,2022,52,2023-01-01,11,0,0,0,,,,,,,,
DE-RP,00+,2023,1,2023-01-08,23,0,1,,,,,,,,,
DE-RP,00+,2023,2,2023-01-15,10,1,,,,,,,,,,
DE-RP,00+,2023,3,2023-01-22,7,,,,,,,,,,,
DE-SH,00+,2021,44,2021-11-07,0,0,0,0,0,0,0,0,0,0,0,0
DE-SH,00+,2021,45,2021-11-14,3,0,0,0,0,0,0,0,0,0,0,1
DE-SH,00+,2021,46,2021-11-21,4,0,0,0,0,0,0,0,0,0,0,0
DE-SH,00+,2021,47,2021-11-28,0,0,0,0,0,0,0,0,0,0,0,1
DE-SH,00+,2021,48,2021-12-05,0,0,0,0,0,0,0,0,0,0,0,0
DE-SH,00+,2021,49,2021-12-12,0,0,0,0,0,0,0,0,0,0,0,1
DE-SH,00+,2021,50,2021-12-19,1,0,0,0,0,0,0,0,0,1,0,0
DE-SH,00+,2021,51,2021-12-26,0,0,0,0,0,0,0,0,2,0,0,0
DE-SH,00+,2021,52,2022-01-02,0,0,0,0,0,0,0,0,0,0,0,0
DE-SH,00+,2022,1,2022-01-09,0,0,0,0,0,0,0,0,0,0,0,0
DE-SH,00+,2022,2,2022-01-16,0,0,0,0,0,0,1,0,0,0,0,0
DE-SH,00+,2022,3,2022-01-23,0,0,0,0,1,1,0,0,0,0,0,0
DE-SH,00+,2022,4,2022-01-30,1,0,0,0,0,0,0,0,0,0,0,0
DE-SH,00+,2022,5,2022-02-06,0,0,1,0,0,0,0,0,0,0,0,0
DE-SH,00+,2022,6,2022-02-13,0,0,1,0,0,0,0,0,0,0,0,0
DE-SH,00+,2022,7,2022-02-20,0,0,0,0,0,0,0,0,0,0,0,0
DE-SH,00+,2022,8,2022-02-27,2,0,0,0,0,0,0,0,0,0,0,1
DE-SH,00+,2022,9,2022-03-06,0,0,0,0,0,0,0,0,0,0,0,0
DE-SH,00+,2022,10,2022-03-13,1,0,0,0,0,0,0,0,0,0,0,0
DE-SH,00+,2022,11,2022-03-20,2,0,0,0,0,0,0,0,0,0,0,0
DE-SH,00+,2022,12,2022-03-27,1,0,0,0,0,0,0,0,0,0,0,0
DE-SH,00+,2022,13,2022-04-03,1,1,0,0,0,0,0,0,0,0,0,0
DE-SH,00+,2022,14,2022-04-10,1,0,0,0,0,0,0,0,0,0,0,0
DE-SH,00+,2022,15,2022-04-17,2,0,0,0,0,0,0,0,0,0,0,0
DE-SH,00+,2022,16,2022-04-24,3,0,0,0,0,0,0,0,0,0,0,0
DE-SH,00+,2022,17,2022-05-01,1,0,0,0,0,0,0,0,0,0,0,0
DE-SH,00+,2022,18,2022-05-08,0,0,0,0,0,0,0,0,0,0,0,2
DE-SH,00+,2022,19,2022-05-15,0,0,0,0,0,0,0,0,0,0,0,0
DE-SH,00+,2022,20,2022-05-22,2,1,0,0,0,0,0,0,0,0,0,0
DE-SH,00+,2022,21,2022-05-29,1,0,0,1,0,0,0,0,0,0,0,0
DE-SH,00+,2022,22,2022-06-05,2,0,0,0,0,0,0,0,0,0,0,0
DE-SH,00+,2022,23,2022-06-12,1,0,0,0,0,0,0,0,0,0,0,0
DE-SH,00+,2022,24,2022-06-19,3,0,0,0,0,0,0,0,0,0,0,0
DE-SH,00+,2022,25,2022-06-26,1,0,0,0,0,0,0,0,0,0,0,0
DE-SH,00+,2022,26,2022-07-03,2,0,0,0,0,0,0,0,0,0,0,0
DE-SH,00+,2022,27,2022-07-10,2,0,0,0,0,0,0,0,0,0,0,0
DE-SH,00+,2022,28,2022-07-17,0,0,0,0,0,0,0,0,0,0,0,0
DE-SH,00+,2022,29,2022-07-24,0,0,0,0,0,0,0,0,0,0,0,0
DE-SH,00+,2022,30,2022-07-31,0,1,0,0,0,0,0,0,0,0,0,0
DE-SH,00+,2022,31,2022-08-07,1,0,0,0,0,0,0,0,0,0,0,0
DE-SH,00+,2022,32,2022-08-14,0,0,0,0,0,0,0,0,0,0,0,0
DE-SH,00+,2022,33,2022-08-21,1,0,0,0,0,0,0,0,0,0,0,0
DE-SH,00+,2022,34,2022-08-28,0,0,0,0,0,0,0,0,0,0,0,0
DE-SH,00+,2022,35,2022-09-04,4,0,0,0,0,0,0,0,0,0,0,0
DE-SH,00+,2022,36,2022-09-11,0,0,0,0,0,0,0,0,0,0,0,0
DE-SH,00+,2022,37,2022-09-18,0,0,0,0,0,0,0,0,0,0,0,0
DE-SH,00+,2022,38,2022-09-25,2,0,0,0,0,0,0,0,0,0,0,0
DE-SH,00+,2022,39,2022-10-02,2,0,0,0,0,0,0,0,0,0,0,0
DE-SH,00+,2022,40,2022-10-09,2,0,0,0,0,0,0,0,0,0,0,1
DE-SH,00+,2022,41,2022-10-16,6,0,0,0,0,0,0,0,0,0,0,0
DE-SH,00+,2022,42,2022-10-23,0,0,0,0,0,0,0,0,0,0,0,0
DE-SH,00+,2022,43,2022-10-30,1,0,0,0,0,0,0,0,0,0,0,0
DE-SH,00+,2022,44,2022-11-06,2,0,0,0,0,0,0,0,0,0,0,0
DE-SH,00+,2022,45,2022-11-13,0,1,0,0,0,0,0,0,0,0,0,0
DE-SH,00+,2022,46,2022-11-20,4,0,0,0,0,0,0,0,0,0,,
DE-SH,00+,2022,47,2022-11-27,1,0,0,0,1,0,0,0,0,,,
DE-SH,00+,2022,48,2022-12-04,3,1,0,0,0,0,0,0,,,,
DE-SH,00+,2022,49,2022-12-11,4,0,0,0,0,0,0,,,,,
DE-SH,00+,2022,50,2022-12-18,8,0,0,0,0,0,,,,,,
DE-SH,00+,2022,51,2022-12-25,3,2,0,0,0,,,,,,,
DE-SH,00+,2022,52,2023-01-01,7,0,0,0,,,,,,,,
DE-SH,00+,2023,1,2023-01-08,9,1,0,,,,,,,,,
DE-SH,00+,2023,2,2023-01-15,6,0,,,,,,,,,,
DE-SH,00+,2023,3,2023-01-22,4,,,,,,,,,,,
DE-SL,00+,2021,44,2021-11-07,0,0,0,0,0,0,0,0,0,0,0,
DE-SL,00+,2021,45,2021-11-14,0,0,0,0,0,0,0,0,0,0,0,
DE-SL,00+,2021,46,2021-11-21,0,0,0,0,0,0,0,0,0,0,0,
DE-SL,00+,2021,47,2021-11-28,0,0,0,0,0,0,0,0,0,0,0,
DE-SL,00+,2021,48,2021-12-05,0,0,0,0,0,0,0,0,0,0,0,
DE-SL,00+,2021,49,2021-12-12,0,0,0,0,0,0,0,0,0,0,0,
DE-SL,00+,2021,50,2021-12-19,0,0,0,0,0,0,0,0,0,0,0,
DE-SL,00+,2021,51,2021-12-26,0,0,0,0,0,0,0,0,0,0,0,
DE-SL,00+,2021,52,2022-01-02,0,0,0,0,0,0,0,0,0,0,0,
DE-SL,00+,2022,1,2022-01-09,0,0,0,0,0,0,0,0,0,0,0,0
DE-SL,00+,2022,2,2022-01-16,0,0,0,0,0,0,0,0,0,0,0,0
DE-SL,00+,2022,3,2022-01-23,0,0,0,0,0,0,0,0,0,0,0,0
DE-SL,00+,2022,4,2022-01-30,0,0,0,0,0,0,0,0,0,0,0,0
DE-SL,00+,2022,5,2022-02-06,0,0,0,0,0,0,0,0,0,0,0,0
DE-SL,00+,2022,6,2022-02-13,0,0,0,0,0,0,0,0,0,0,0,0
DE-SL,00+,2022,7,2022-02-20,0,0,0,0,0,0,0,0,0,0,0,0
DE-SL,00+,2022,8,2022-02-27,0,0,0,0,0,0,0,0,0,0,0,0
DE-SL,00+,2022,9,2022-03-06,0,0,0,0,0,0,0,0,0,0,0,0
DE-SL,00+,2022,10,2022-03-13,0,0,0,0,0,0,0,0,0,0,0,0
DE-SL,00+,2022,11,2022-03-20,0,0,0,0,0,0,0,0,0,0,0,0
DE-SL,00+,2022,12,2022-03-27,0,0,0,0,0,0,0,0,0,0,0,0
DE-SL,00+,2022,13,2022-04-03,0,0,0,0,0,0,0,0,0,0,0,0
DE-SL,00+,2022,14,2022-04-10,0,0,0,0,0,0,0,0,0,0,0,0
DE-SL,00+,2022,15,2022-04-17,3,0,0,0,0,0,0,0,0,0,0,0
DE-SL,00+,2022,16,2022-04-24,0,0,0,0,0,0,0,0,0,0,0,0
DE-SL,00+,2022,17,2022-05-01,1,0,0,0,0,0,0,0,0,0,0,0
DE-SL,00+,2022,18,2022-05-08,0,0,0,0,0,0,0,0,0,0,0,0
DE-SL,00+,2022,19,2022-05-15,0,0,0,0,0,0,0,0,0,0,0,0
DE-SL,00+,2022,20,2022-05-22,0,0,0,0,0,0,0,0,0,0,0,0
DE-SL,00+,2022,21,2022-05-29,0,0,0,0,0,0,0,0,0,0,0,0
DE-SL,00+,2022,22,2022-06-05,1,0,0,0,0,0,0,0,0,0,0,0
DE-SL,00+,2022,23,2022-06-12,0,0,0,0,0,0,0,0,0,0,0,0
DE-SL,00+,2022,24,2022-06-19,1,0,0,0,0,0,0,0,0,0,0,0
DE-SL,00+,2022,25,2022-06-26,1,0,0,0,0,0,0,0,0,0,0,0
DE-SL,00+,2022,26,2022-07-03,0,0,0,0,0,0,0,0,0,0,0,0
DE-SL,00+,2022,27,2022-07-10,0,0,0,0,0,0,0,0,0,0,0,0
DE-SL,00+,2022,28,2022-07-17,0,0,0,0,0,0,0,0,0,0,0,0
DE-SL,00+,2022,29,2022-07-24,1,0,0,0,0,0,0,0,0,0,0,0
DE-SL,00+,2022,30,2022-07-31,1,0,1,0,0,0,0,0,0,0,0,0
DE-SL,00+,2022,31,2022-08-07,0,0,0,0,0,0,0,0,0,0,0,0
DE-SL,00+,2022,32,2022-08-14,0,0,0,0,0,0,0,0,0,0,0,0
DE-SL,00+,2022,33,2022-08-21,1,0,0,0,0,0,0,0,0,0,0,0
DE-SL,00+,2022,34,2022-08-28,1,0,0,0,0,0,0,0,0,0,0,0
DE-SL,00+,2022,35,2022-09-04,0,0,0,0,0,0,0,0,0,0,0,0
DE-SL,00+,2022,36,2022-09-11,0,0,0,0,0,0,0,0,0,0,0,0
DE-SL,00+,2022,37,2022-09-18,0,0,0,0,0,0,0,0,0,0,0,0
DE-SL,00+,2022,38,2022-09-25,0,0,0,0,0,0,0,0,0,0,0,0
DE-SL,00+,2022,39,2022-10-02,0,0,0,0,0,0,0,0,0,0,0,0
DE-SL,00+,2022,40,2022-10-09,0,0,0,0,0,0,0,0,0,0,0,0
DE-SL,00+,2022,41,2022-10-16,0,0,0,0,0,0,0,0,0,0,0,0
DE-SL,00+,2022,42,2022-10-23,0,0,0,0,0,0,0,0,0,0,0,0
DE-SL,00+,2022,43,2022-10-30,0,0,0,0,0,0,0,0,0,0,0,0
DE-SL,00+,2022,44,2022-11-06,0,0,0,0,0,0,0,0,0,0,0,0
DE-SL,00+,2022,45,2022-11-13,0,0,0,0,0,0,0,0,0,0,0,0
DE-SL,00+,2022,46,2022-11-20,0,1,0,0,0,0,0,0,0,0,,
DE-SL,00+,2022,47,2022-11-27,1,0,0,0,0,0,0,0,0,,,
DE-SL,00+,2022,48,2022-12-04,1,0,0,0,0,0,0,0,,,,
DE-SL,00+,2022,49,2022-12-11,0,0,0,0,0,0,0,,,,,
DE-SL,00+,2022,50,2022-12-18,0,0,0,0,0,0,,,,,,
DE-SL,00+,2022,51,2022-12-25,0,0,0,0,0,,,,,,,
DE-SL,00+,2022,52,2023-01-01,3,0,0,0,,,,,,,,
DE-SL,00+,2023,1,2023-01-08,0,0,0,,,,,,,,,
DE-SL,00+,2023,2,2023-01-15,1,0,,,,,,,,,,
DE-SL,00+,2023,3,2023-01-22,1,,,,,,,,,,,
DE-SN,00+,2021,44,2021-11-07,0,6,0,0,0,0,0,0,0,0,0,0
DE-SN,00+,2021,45,2021-11-14,4,0,0,1,0,0,0,0,0,0,0,0
DE-SN,00+,2021,46,2021-11-21,3,1,1,0,0,0,0,0,0,0,0,0
DE-SN,00+,2021,47,2021-11-28,11,2,0,0,0,0,0,0,0,0,0,0
DE-SN,00+,2021,48,2021-12-05,12,2,0,0,0,0,0,0,0,0,0,1
DE-SN,00+,2021,49,2021-12-12,2,0,0,0,0,0,0,0,0,0,0,4
DE-SN,00+,2021,50,2021-12-19,0,0,0,0,0,0,0,0,0,0,3,0
DE-SN,00+,2021,51,2021-12-26,0,0,0,0,0,0,0,0,0,7,0,0
DE-SN,00+,2021,52,2022-01-02,0,0,0,0,0,0,0,0,6,0,0,0
DE-SN,00+,2022,1,2022-01-09,0,0,0,0,0,0,0,5,0,0,0,0
DE-SN,00+,2022,2,2022-01-16,2,0,0,0,0,0,4,0,0,0,0,0
DE-SN,00+,2022,3,2022-01-23,1,0,0,0,0,3,0,0,0,0,0,0
DE-SN,00+,2022,4,2022-01-30,1,0,0,0,4,0,0,1,0,0,0,0
DE-SN,00+,2022,5,2022-02-06,2,1,0,5,0,0,0,0,0,0,0,0
DE-SN,00+,2022,6,2022-02-13,0,0,3,0,0,0,0,0,0,0,0,0
DE-SN,00+,2022,7,2022-02-20,1,0,0,0,0,0,0,0,0,0,0,0
DE-SN,00+,2022,8,2022-02-27,4,1,0,0,0,0,0,0,0,0,0,0
DE-SN,00+,2022,9,2022-03-06,9,0,0,0,0,0,0,0,0,0,0,0
DE-SN,00+,2022,10,2022-03-13,3,1,0,0,0,0,0,0,0,0,0,0
DE-SN,00+,2022,11,2022-03-20,3,1,0,0,0,0,0,0,0,0,0,1
DE-SN,00+,2022,12,2022-03-27,4,1,0,0,0,0,0,0,0,0,0,0
DE-SN,00+,2022,13,2022-04-03,4,1,0,0,0,0,0,0,0,0,0,0
DE-SN,00+,2022,14,2022-04-10,6,0,0,0,0,0,0,0,0,0,0,0
DE-SN,00+,2022,15,2022-04-17,3,0,0,0,0,0,0,0,0,0,0,0
DE-SN,00+,2022,16,2022-04-24,3,1,0,0,0,0,0,0,0,0,0,0
DE-SN,00+,2022,17,2022-05-01,5,3,0,0,0,0,0,0,0,0,0,1
DE-SN,00+,2022,18,2022-05-08,12,1,0,0,0,0,0,0,0,0,0,0
DE-SN,00+,2022,19,2022-05-15,2,2,0,0,0,0,0,0,0,0,0,0
DE-SN,00+,2022,20,2022-05-22,5,0,0,0,0,0,0,0,0,0,0,0
DE-SN,00+,2022,21,2022-05-29,0,2,0,0,0,0,0,0,0,0,0,0
DE-SN,00+,2022,22,2022-06-05,3,1,0,0,0,0,0,0,0,0,0,0
DE-SN,00+,2022,23,2022-06-12,2,1,0,0,0,0,0,0,0,0,0,0
DE-SN,00+,2022,24,2022-06-19,3,0,0,0,0,0,0,0,0,0,0,0
DE-SN,00+,2022,25,2022-06-26,1,0,0,0,0,0,0,0,0,0,0,0
DE-SN,00+,2022,26,2022-07-03,2,1,0,0,0,0,0,0,0,0,0,0
DE-SN,00+,2022,27,2022-07-10,4,0,0,0,0,0,1,0,0,0,0,0
DE-SN,00+,2022,28,2022-07-17,3,1,0,0,0,0,0,0,0,0,0,0
DE-SN,00+,2022,29,2022-07-24,5,1,0,0,0,0,0,0,0,0,0,0
DE-SN,00+,2022,30,2022-07-31,3,0,0,0,0,0,0,0,0,0,0,0
DE-SN,00+,2022,31,2022-08-07,3,0,0,0,0,0,0,0,0,0,0,0
DE-SN,00+,2022,32,2022-08-14,0,0,0,0,0,0,0,0,0,0,0,0
DE-SN,00+,2022,33,2022-08-21,3,1,0,0,0,0,0,0,0,0,0,0
DE-SN,00+,2022,34,2022-08-28,1,1,0,0,0,0,0,0,0,0,0,0
DE-SN,00+,2022,35,2022-09-04,2,0,0,0,0,0,0,0,0,0,0,0
DE-SN,00+,2022,36,2022-09-11,0,1,0,0,0,0,0,0,0,0,0,0
DE-SN,00+,2022,37,2022-09-18,4,3,0,0,0,0,0,0,0,0,0,0
DE-SN,00+,2022,38,2022-09-25,3,0,0,0,0,0,0,0,0,0,0,0
DE-SN,00+,2022,39,2022-10-02,2,2,0,0,0,1,0,0,0,0,0,0
DE-SN,00+,2022,40,2022-10-09,8,1,0,0,0,0,1,0,0,0,0,1
DE-SN,00+,2022,41,2022-10-16,5,1,0,0,0,0,0,0,0,1,0,0
DE-SN,00+,2022,42,2022-10-23,8,1,0,0,0,0,0,0,0,0,0,0
DE-SN,00+,2022,43,2022-10-30,4,3,0,0,0,0,0,0,0,0,0,0
DE-SN,00+,2022,44,2022-11-06,6,1,0,0,0,0,0,0,0,0,1,0
DE-SN,00+,2022,45,2022-11-13,5,1,0,0,0,0,0,0,0,0,0,0
DE-SN,00+,2022,46,2022-11-20,6,2,0,0,0,0,0,0,0,0,,
DE-SN,00+,2022,47,2022-11-27,6,2,0,0,0,0,0,0,0,,,
DE-SN,00+,2022,48,2022-12-04,17,1,0,0,0,0,0,0,,,,
DE-SN,00+,2022,49,2022-12-11,13,6,0,0,0,0,0,,,,,
DE-SN,00+,2022,50,2022-12-18,8,1,0,1,0,0,,,,,,
DE-SN,00+,2022,51,2022-12-25,17,8,1,0,0,,,,,,,
DE-SN,00+,2022,52,2023-01-01,19,4,0,0,,,,,,,,
DE-SN,00+,2023,1,2023-01-08,43,8,1,,,,,,,,,
DE-SN,00+,2023,2,2023-01-15,19,1,,,,,,,,,,
DE-SN,00+,2023,3,2023-01-22,5,,,,,,,,,,,
DE-ST,00+,2021,44,2021-11-07,0,2,0,0,0,0,0,0,0,0,0,0
DE-ST,00+,2021,45,2021-11-14,1,0,0,0,0,0,0,0,0,0,0,1
DE-ST,00+,2021,46,2021-11-21,0,1,0,0,0,0,0,0,0,0,0,0
DE-ST,00+,2021,47,2021-11-28,0,0,0,0,0,0,0,0,0,0,0,1
DE-ST,00+,2021,48,2021-12-05,0,0,0,0,0,0,0,0,0,0,0,1
DE-ST,00+,2021,49,2021-12-12,0,0,0,0,0,0,0,0,0,0,0,2
DE-ST,00+,2021,50,2021-12-19,0,0,0,0,0,0,0,0,0,0,2,0
DE-ST,00+,2021,51,2021-12-26,0,0,0,0,0,0,0,0,0,0,0,0
DE-ST,00+,2021,52,2022-01-02,0,0,0,0,0,0,0,0,3,0,0,0
DE-ST,00+,2022,1,2022-01-09,0,0,0,0,0,0,0,0,0,0,0,0
DE-ST,00+,2022,2,2022-01-16,0,0,0,0,0,0,3,0,0,0,0,0
DE-ST,00+,2022,3,2022-01-23,1,0,0,0,0,1,0,0,0,0,0,0
DE-ST,00+,2022,4,2022-01-30,0,0,0,0,1,1,0,0,0,0,0,0
DE-ST,00+,2022,5,2022-02-06,0,0,0,1,0,0,0,0,0,0,0,0
DE-ST,00+,2022,6,2022-02-13,0,0,1,0,0,0,0,0,0,0,0,1
DE-ST,00+,2022,7,2022-02-20,1,2,0,0,0,0,0,0,0,0,0,1
DE-ST,00+,2022,8,2022-02-27,3,0,0,0,0,0,0,0,0,0,0,0
DE-ST,00+,2022,9,2022-03-06,3,0,0,0,0,0,0,0,0,0,0,0
DE-ST,00+,2022,10,2022-03-13,4,0,0,0,0,0,0,0,0,0,0,0
DE-ST,00+,2022,11,2022-03-20,2,0,0,0,0,0,0,0,0,0,0,0
DE-ST,00+,2022,12,2022-03-27,1,0,0,0,0,0,0,0,0,0,0,0
DE-ST,00+,2022,13,2022-04-03,3,0,0,0,0,0,0,0,0,0,0,0
DE-ST,00+,2022,14,2022-04-10,2,0,0,0,0,0,0,0,0,0,0,0
DE-ST,00+,2022,15,2022-04-17,1,0,0,0,0,0,0,0,0,0,0,0
DE-ST,00+,2022,16,2022-04-24,0,0,0,0,0,0,0,0,0,0,0,0
DE-ST,00+,2022,17,2022-05-01,1,0,0,0,0,0,0,0,0,0,0,0
DE-ST,00+,2022,18,2022-05-08,0,0,0,0,0,0,0,0,0,0,0,0
DE-ST,00+,2022,19,2022-05-15,1,0,0,0,0,0,0,0,0,0,0,1
DE-ST,00+,2022,20,2022-05-22,3,0,0,0,0,0,0,0,0,0,0,1
DE-ST,00+,2022,21,2022-05-29,1,0,0,0,0,0,0,0,0,0,0,0
DE-ST,00+,2022,22,2022-06-05,2,0,0,0,0,0,0,0,0,0,0,1
DE-ST,00+,2022,23,2022-06-12,1,1,0,0,0,0,0,0,0,0,0,0
DE-ST,00+,2022,24,2022-06-19,4,0,0,0,0,0,0,0,0,0,0,0
DE-ST,00+,2022,25,2022-06-26,1,0,0,0,0,0,0,0,0,0,0,0
DE-ST,00+,2022,26,2022-07-03,2,0,0,0,0,0,0,0,0,0,0,0
DE-ST,00+,2022,27,2022-07-10,1,0,0,0,0,0,0,0,0,0,0,0
DE-ST,00+,2022,28,2022-07-17,0,1,0,0,0,0,0,0,0,0,0,0
DE-ST,00+,2022,29,2022-07-24,2,0,0,0,0,0,0,0,0,0,0,0
DE-ST,00+,2022,30,2022-07-31,2,0,0,0,0,0,0,0,0,0,0,0
DE-ST,00+,2022,31,2022-08-07,0,1,0,0,0,0,0,0,0,0,0,0
DE-ST,00+,2022,32,2022-08-14,0,0,0,0,0,0,0,0,0,0,0,0
DE-ST,00+,2022,33,2022-08-21,2,0,0,0,0,0,0,0,0,0,0,0
DE-ST,00+,2022,34,2022-08-28,0,0,0,0,0,0,0,0,0,0,0,0
DE-ST,00+,2022,35,2022-09-04,1,0,0,0,0,0,0,0,0,0,0,0
DE-ST,00+,2022,36,2022-09-11,0,0,0,0,0,0,0,0,0,0,0,0
DE-ST,00+,2022,37,2022-09-18,0,0,0,0,0,0,0,0,0,0,0,0
DE-ST,00+,2022,38,2022-09-25,1,0,0,0,0,0,0,0,0,0,0,0
DE-ST,00+,2022,39,2022-10-02,2,0,0,0,0,0,0,0,0,0,0,0
DE-ST,00+,2022,40,2022-10-09,0,0,0,0,0,0,0,0,0,0,0,0
DE-ST,00+,2022,41,2022-10-16,2,1,0,0,0,0,0,0,0,0,0,0
DE-ST,00+,2022,42,2022-10-23,1,0,0,0,0,0,0,0,0,0,0,0
DE-ST,00+,2022,43,2022-10-30,4,0,0,0,0,0,0,0,0,0,0,0
DE-ST,00+,2022,44,2022-11-06,1,0,0,0,0,0,0,0,0,0,0,0
DE-ST,00+,2022,45,2022-11-13,3,2,0,0,0,0,0,0,0,0,0,0
DE-ST,00+,2022,46,2022-11-20,3,0,0,0,0,0,0,0,0,0,,
DE-ST,00+,2022,47,2022-11-27,3,0,0,0,0,0,0,0,0,,,
DE-ST,00+,2022,48,2022-12-04,5,1,0,0,0,0,0,0,,,,
DE-ST,00+,2022,49,2022-12-11,2,1,0,0,0,0,0,,,,,
DE-ST,00+,2022,50,2022-12-18,7,2,0,0,0,0,,,,,,
DE-ST,00+,2022,51,2022-12-25,9,0,0,0,0,,,,,,,
DE-ST,00+,2022,52,2023-01-01,11,0,0,0,,,,,,,,
DE-ST,00+,2023,1,2023-01-08,8,1,0,,,,,,,,,
DE-ST,00+,2023,2,2023-01-15,10,0,,,,,,,,,,
DE-ST,00+,2023,3,2023-01-22,3,,,,,,,,,,,
DE-TH,00+,2021,44,2021-11-07,0,0,0,0,0,0,0,0,0,0,0,0
DE-TH,00+,2021,45,2021-11-14,2,0,0,0,0,0,0,0,0,0,0,0
DE-TH,00+,2021,46,2021-11-21,0,0,0,0,0,0,0,0,0,0,0,0
DE-TH,00+,2021,47,2021-11-28,0,0,0,0,0,0,0,0,0,0,0,0
DE-TH,00+,2021,48,2021-12-05,0,0,0,0,0,0,0,0,0,0,0,0
DE-TH,00+,2021,49,2021-12-12,0,0,0,0,0,0,0,0,0,0,0,0
DE-TH,00+,2021,50,2021-12-19,0,0,0,0,0,0,0,0,0,0,0,0
DE-TH,00+,2021,51,2021-12-26,0,0,0,0,0,0,0,0,0,2,0,0
DE-TH,00+,2021,52,2022-01-02,0,0,0,0,0,0,0,0,0,0,0,0
DE-TH,00+,2022,1,2022-01-09,0,0,0,0,0,0,0,0,0,0,0,0
DE-TH,00+,2022,2,2022-01-16,0,0,0,0,0,0,0,0,0,0,0,0
DE-TH,00+,2022,3,2022-01-23,0,0,0,0,0,0,0,0,0,0,0,0
DE-TH,00+,2022,4,2022-01-30,0,0,0,0,0,0,0,0,0,0,0,0
DE-TH,00+,2022,5,2022-02-06,0,0,0,0,0,0,0,0,0,0,0,0
DE-TH,00+,2022,6,2022-02-13,0,0,0,0,0,0,0,0,0,0,0,0
DE-TH,00+,2022,7,2022-02-20,0,0,0,0,0,0,0,0,0,0,0,0
DE-TH,00+,2022,8,2022-02-27,0,0,0,0,0,0,0,0,0,0,0,0
DE-TH,00+,2022,9,2022-03-06,0,0,0,0,0,0,0,0,0,0,0,0
DE-TH,00+,2022,10,2022-03-13,0,0,0,0,0,0,0,0,0,0,0,0
DE-TH,00+,2022,11,2022-03-20,0,0,0,0,0,0,0,0,0,0,0,0
DE-TH,00+,2022,12,2022-03-27,0,0,0,0,0,0,0,0,0,0,0,0
DE-TH,00+,2022,13,2022-04-03,2,0,0,0,0,0,0,0,0,0,0,0
DE-TH,00+,2022,14,2022-04-10,1,0,0,0,0,0,0,0,0,0,0,0
DE-TH,00+,2022,15,2022-04-17,1,0,0,0,0,0,0,0,0,0,0,0
DE-TH,00+,2022,16,2022-04-24,1,0,0,0,0,0,0,0,0,0,0,0
DE-TH,00+,2022,17,2022-05-01,1,0,0,0,0,0,0,0,0,0,0,0
DE-TH,00+,2022,18,2022-05-08,1,0,0,0,0,0,0,0,0,0,0,0
DE-TH,00+,2022,19,2022-05-15,0,0,0,0,0,0,0,0,0,0,0,0
DE-TH,00+,2022,20,2022-05-22,1,0,0,0,0,0,0,0,0,0,0,0
DE-TH,00+,2022,21,2022-05-29,1,0,0,0,0,0,0,0,0,0,0,0
DE-TH,00+,2022,22,2022-06-05,1,0,0,0,0,0,0,0,0,0,0,0
DE-TH,00+,2022,23,2022-06-12,1,0,0,0,0,0,0,0,0,0,0,0
DE-TH,00+,2022,24,2022-06-19,0,0,0,0,0,0,0,0,0,0,0,0
DE-TH,00+,2022,25,2022-06-26,0,1,0,0,0,0,0,0,0,0,0,0
DE-TH,00+,2022,26,2022-07-03,1,0,0,0,0,0,0,0,0,0,0,0
DE-TH,00+,2022,27,2022-07-10,0,0,0,0,0,0,0,0,0,0,0,0
DE-TH,00+,2022,28,2022-07-17,1,0,0,0,0,0,0,0,0,0,0,0
DE-TH,00+,2022,29,2022-07-24,0,0,0,0,0,0,0,0,0,0,0,0
DE-TH,00+,2022,30,2022-07-31,0,0,0,0,0,0,0,0,0,0,0,0
DE-TH,00+,2022,31,2022-08-07,1,0,0,0,0,0,0,0,0,0,0,0
DE-TH,00+,2022,32,2022-08-14,0,0,0,0,0,0,0,0,0,0,0,0
DE-TH,00+,2022,33,2022-08-21,1,0,0,0,0,0,0,0,0,0,0,0
DE-TH,00+,2022,34,2022-08-28,0,0,0,0,0,0,0,0,0,0,0,0
DE-TH,00+,2022,35,2022-09-04,0,0,0,0,0,0,0,0,0,0,0,0
DE-TH,00+,2022,36,2022-09-11,1,0,0,0,0,0,0,0,0,0,0,0
DE-TH,00+,2022,37,2022-09-18,1,0,0,0,0,0,0,0,0,0,0,0
DE-TH,00+,2022,38,2022-09-25,2,1,0,0,0,0,0,0,0,0,0,0
DE-TH,00+,2022,39,2022-10-02,1,0,0,0,0,0,0,0,0,0,0,0
DE-TH,00+,2022,40,2022-10-09,0,0,0,0,0,0,0,0,0,0,0,0
DE-TH,00+,2022,41,2022-10-16,0,0,0,0,0,0,0,0,0,0,0,0
DE-TH,00+,2022,42,2022-10-23,4,0,0,0,0,0,0,0,0,0,0,0
DE-TH,00+,2022,43,2022-10-30,3,0,0,0,0,0,0,0,0,0,0,0
DE-TH,00+,2022,44,2022-11-06,2,0,0,0,0,0,0,0,0,0,0,0
DE-TH,00+,2022,45,2022-11-13,2,0,0,0,0,0,0,0,0,0,0,0
DE-TH,00+,2022,46,2022-11-20,0,0,0,0,0,0,0,0,0,0,,
DE-TH,00+,2022,47,2022-11-27,1,0,0,0,0,0,0,0,0,,,
DE-TH,00+,2022,48,2022-12-04,3,0,0,0,0,0,0,0,,,,
DE-TH,00+,2022,49,2022-12-11,0,0,0,0,0,0,0,,,,,
DE-TH,00+,2022,50,2022-12-18,3,0,0,0,0,0,,,,,,
DE-TH,00+,2022,51,2022-12-25,3,0,0,0,0,,,,,,,
DE-TH,00+,2022,52,2023-01-01,3,0,0,0,,,,,,,,
DE-TH,00+,2023,1,2023-01-08,6,0,0,,,,,,,,,
DE-TH,00+,2023,2,2023-01-15,4,0,,,,,,,,,,
DE-TH,00+,2023,3,2023-01-22,3,,,,,,,,,,,
