location,age_group,year,week,date,value_-1w,value_0w,value_1w,value_2w,value_3w,value_4w
DE,00+,2024,41,2024-10-13,8709,7591,63,26,11,32
DE,00+,2024,42,2024-10-20,8955,7374,93,37,16,7
DE,00+,2024,43,2024-10-27,9600,6758,108,28,5,20
DE,00+,2024,44,2024-11-03,8016,3803,96,4,13,7
DE,00+,2024,45,2024-11-10,7040,4697,42,18,0,7
DE,00+,2024,46,2024-11-17,5982,4725,84,10,15,8
DE,00+,2024,47,2024-11-24,6105,4762,55,18,14,14
DE,00+,2024,48,2024-12-01,6182,4523,29,14,30,4
DE,00+,2024,49,2024-12-08,4906,4199,27,24,5,26
DE,00+,2024,50,2024-12-15,5250,3603,32,7,21,19
DE,00+,2024,51,2024-12-22,4721,2970,194,67,3,10
DE,00+,2024,52,2024-12-29,882,2110,510,16,7,3
DE,00+,2025,1,2025-01-05,884,3726,23,5,3,3
DE,00+,2025,2,2025-01-12,2696,1658,21,8,1,2
DE,00+,2025,3,2025-01-19,2001,1468,20,9,3,12
DE,00+,2025,4,2025-01-26,1992,1565,22,16,0,3
DE,00+,2025,5,2025-02-02,1961,1474,28,0,8,2
DE,00+,2025,6,2025-02-09,1526,1104,9,8,0,0
DE,00+,2025,7,2025-02-16,1329,955,14,1,0,0
DE,00+,2025,8,2025-02-23,1235,845,11,0,1,0
DE,00+,2025,9,2025-03-02,1125,672,3,5,1,1
DE,00+,2025,10,2025-03-09,784,529,1,1,1,2
DE,00+,2025,11,2025-03-16,726,527,4,0,1,3
DE,00+,2025,12,2025-03-23,571,413,6,2,3,0
DE,00+,2025,13,2025-03-30,628,383,1,0,0,1
DE,00+,2025,14,2025-04-06,500,320,6,0,2,0
DE,00+,2025,15,2025-04-13,488,351,0,2,0,0
DE,00+,2025,16,2025-04-20,466,0,219,0,1,0
DE,00+,2025,17,2025-04-27,0,579,0,1,2,0
DE,00+,2025,18,2025-05-04,331,169,6,0,0,0
DE,00+,2025,19,2025-05-11,353,210,1,1,0,0
DE,00+,2025,20,2025-05-18,348,221,4,0,0,0
DE,00+,2025,21,2025-05-25,385,349,1,0,0,0
DE,00+,2025,22,2025-06-01,442,262,4,1,1,0
DE,00+,2025,23,2025-06-08,532,334,7,0,0,0
DE,00+,2025,24,2025-06-15,305,383,0,2,1,0
DE,00+,2025,25,2025-06-22,542,274,4,1,0,1
DE,00+,2025,26,2025-06-29,435,303,7,0,0,0
DE,00+,2025,27,2025-07-06,318,299,1,1,0,0
DE,00+,2025,28,2025-07-13,372,282,3,1,0,1
DE,00+,2025,29,2025-07-20,397,357,1,0,0,0
DE,00+,2025,30,2025-07-27,449,370,5,1,0,1
DE,00+,2025,31,2025-08-03,487,333,4,2,1,1
DE,00+,2025,32,2025-08-10,573,502,3,0,1,1
DE,00+,2025,33,2025-08-17,687,578,17,5,0,0
DE,00+,2025,34,2025-08-24,782,651,9,6,2,5
DE,00+,2025,35,2025-08-31,883,815,17,4,7,5
DE,00+,2025,36,2025-09-07,1178,1043,18,9,2,
DE,00+,2025,37,2025-09-14,1287,1247,31,8,,
DE,00+,2025,38,2025-09-21,1621,1434,18,,,
DE,00+,2025,39,2025-09-28,1985,1657,,,,
DE,00+,2025,40,2025-10-05,2473,,,,,
DE,00-04,2024,41,2024-10-13,236,202,2,1,2,0
DE,00-04,2024,42,2024-10-20,236,243,2,0,0,0
DE,00-04,2024,43,2024-10-27,317,214,1,0,0,0
DE,00-04,2024,44,2024-11-03,249,127,3,0,1,0
DE,00-04,2024,45,2024-11-10,253,172,0,0,0,0
DE,00-04,2024,46,2024-11-17,216,184,2,0,2,1
DE,00-04,2024,47,2024-11-24,203,193,2,0,0,0
DE,00-04,2024,48,2024-12-01,234,174,2,0,1,0
DE,00-04,2024,49,2024-12-08,162,165,0,1,0,1
DE,00-04,2024,50,2024-12-15,186,128,1,0,0,0
DE,00-04,2024,51,2024-12-22,147,116,6,3,0,2
DE,00-04,2024,52,2024-12-29,46,79,19,0,0,0
DE,00-04,2025,1,2025-01-05,58,132,0,0,0,0
DE,00-04,2025,2,2025-01-12,89,68,0,0,0,1
DE,00-04,2025,3,2025-01-19,81,65,0,0,0,1
DE,00-04,2025,4,2025-01-26,95,66,1,1,0,0
DE,00-04,2025,5,2025-02-02,75,48,1,0,1,0
DE,00-04,2025,6,2025-02-09,79,61,1,2,0,0
DE,00-04,2025,7,2025-02-16,68,37,0,0,0,0
DE,00-04,2025,8,2025-02-23,50,33,0,0,0,0
DE,00-04,2025,9,2025-03-02,63,25,0,0,0,0
DE,00-04,2025,10,2025-03-09,27,19,0,0,0,0
DE,00-04,2025,11,2025-03-16,33,23,0,0,0,0
DE,00-04,2025,12,2025-03-23,22,22,0,1,0,0
DE,00-04,2025,13,2025-03-30,28,20,0,0,0,0
DE,00-04,2025,14,2025-04-06,19,16,0,0,0,0
DE,00-04,2025,15,2025-04-13,27,22,0,0,0,0
DE,00-04,2025,16,2025-04-20,22,0,18,0,0,0
DE,00-04,2025,17,2025-04-27,0,31,0,0,0,0
DE,00-04,2025,18,2025-05-04,14,11,1,0,0,0
DE,00-04,2025,19,2025-05-11,17,10,0,0,0,0
DE,00-04,2025,20,2025-05-18,19,15,0,0,0,0
DE,00-04,2025,21,2025-05-25,23,19,0,0,0,0
DE,00-04,2025,22,2025-06-01,37,21,0,0,1,0
DE,00-04,2025,23,2025-06-08,40,21,0,0,0,0
DE,00-04,2025,24,2025-06-15,29,29,0,0,0,0
DE,00-04,2025,25,2025-06-22,36,21,1,0,0,0
DE,00-04,2025,26,2025-06-29,23,16,0,0,0,0
DE,00-04,2025,27,2025-07-06,32,31,0,0,0,0
DE,00-04,2025,28,2025-07-13,42,29,1,0,0,0
DE,00-04,2025,29,2025-07-20,35,37,0,0,0,0
DE,00-04,2025,30,2025-07-27,54,22,0,0,0,0
DE,00-04,2025,31,2025-08-03,42,28,1,0,0,0
DE,00-04,2025,32,2025-08-10,51,46,1,0,0,0
DE,00-04,2025,33,2025-08-17,87,54,1,0,0,0
DE,00-04,2025,34,2025-08-24,89,62,1,0,1,0
DE,00-04,2025,35,2025-08-31,113,78,3,2,1,0
DE,00-04,2025,36,2025-09-07,156,103,0,0,2,
DE,00-04,2025,37,2025-09-14,132,117,3,1,,
DE,00-04,2025,38,2025-09-21,149,120,0,,,
DE,00-04,2025,39,2025-09-28,151,115,,,,
DE,00-04,2025,40,2025-10-05,168,,,,,
DE,05-14,2024,41,2024-10-13,93,83,0,0,0,0
DE,05-14,2024,42,2024-10-20,80,98,0,1,0,0
DE,05-14,2024,43,2024-10-27,135,104,0,0,0,0
DE,05-14,2024,44,2024-11-03,138,67,2,0,0,0
DE,05-14,2024,45,2024-11-10,131,141,1,0,0,0
DE,05-14,2024,46,2024-11-17,145,170,2,1,0,0
DE,05-14,2024,47,2024-11-24,127,156,0,0,1,0
DE,05-14,2024,48,2024-12-01,125,120,3,0,1,0
DE,05-14,2024,49,2024-12-08,115,130,0,0,0,1
DE,05-14,2024,50,2024-12-15,84,84,0,0,0,0
DE,05-14,2024,51,2024-12-22,83,78,0,1,0,0
DE,05-14,2024,52,2024-12-29,16,23,2,0,0,0
DE,05-14,2025,1,2025-01-05,11,18,0,0,0,0
DE,05-14,2025,2,2025-01-12,30,28,1,0,0,0
DE,05-14,2025,3,2025-01-19,31,32,2,0,0,0
DE,05-14,2025,4,2025-01-26,65,53,1,0,0,1
DE,05-14,2025,5,2025-02-02,55,56,2,0,0,0
DE,05-14,2025,6,2025-02-09,47,34,0,0,0,0
DE,05-14,2025,7,2025-02-16,33,30,0,0,0,0
DE,05-14,2025,8,2025-02-23,33,25,0,0,0,0
DE,05-14,2025,9,2025-03-02,26,10,0,0,0,1
DE,05-14,2025,10,2025-03-09,12,20,0,0,0,0
DE,05-14,2025,11,2025-03-16,16,8,0,0,0,0
DE,05-14,2025,12,2025-03-23,15,11,0,1,0,0
DE,05-14,2025,13,2025-03-30,15,6,0,0,0,1
DE,05-14,2025,14,2025-04-06,12,10,0,0,0,0
DE,05-14,2025,15,2025-04-13,4,4,0,0,0,0
DE,05-14,2025,16,2025-04-20,7,0,2,0,0,0
DE,05-14,2025,17,2025-04-27,0,7,0,0,0,0
DE,05-14,2025,18,2025-05-04,8,5,0,0,0,0
DE,05-14,2025,19,2025-05-11,4,1,0,0,0,0
DE,05-14,2025,20,2025-05-18,16,13,0,0,0,0
DE,05-14,2025,21,2025-05-25,2,5,0,0,0,0
DE,05-14,2025,22,2025-06-01,9,5,0,0,0,0
DE,05-14,2025,23,2025-06-08,3,4,0,0,1,0
DE,05-14,2025,24,2025-06-15,6,4,0,0,0,0
DE,05-14,2025,25,2025-06-22,3,1,0,0,0,0
DE,05-14,2025,26,2025-06-29,6,6,0,0,0,0
DE,05-14,2025,27,2025-07-06,4,3,0,0,0,0
DE,05-14,2025,28,2025-07-13,12,6,0,0,0,0
DE,05-14,2025,29,2025-07-20,3,8,0,0,0,0
DE,05-14,2025,30,2025-07-27,8,3,0,0,0,0
DE,05-14,2025,31,2025-08-03,7,5,0,0,0,1
DE,05-14,2025,32,2025-08-10,13,6,0,0,0,0
DE,05-14,2025,33,2025-08-17,9,10,0,0,0,0
DE,05-14,2025,34,2025-08-24,23,24,1,0,0,1
DE,05-14,2025,35,2025-08-31,28,21,0,0,0,0
DE,05-14,2025,36,2025-09-07,21,39,0,0,0,
DE,05-14,2025,37,2025-09-14,30,35,0,1,,
DE,05-14,2025,38,2025-09-21,43,31,1,,,
DE,05-14,2025,39,2025-09-28,51,37,,,,
DE,05-14,2025,40,2025-10-05,67,,,,,
DE,15-34,2024,41,2024-10-13,781,713,7,1,2,1
DE,15-34,2024,42,2024-10-20,829,682,14,1,3,0
DE,15-34,2024,43,2024-10-27,773,597,5,4,2,3
DE,15-34,2024,44,2024-11-03,640,303,3,0,4,3
DE,15-34,2024,45,2024-11-10,592,477,1,4,0,1
DE,15-34,2024,46,2024-11-17,573,473,11,2,2,5
DE,15-34,2024,47,2024-11-24,549,450,3,3,3,1
DE,15-34,2024,48,2024-12-01,511,460,0,3,3,0
DE,15-34,2024,49,2024-12-08,424,378,1,1,0,1
DE,15-34,2024,50,2024-12-15,440,326,4,0,1,0
DE,15-34,2024,51,2024-12-22,361,295,4,5,1,2
DE,15-34,2024,52,2024-12-29,61,90,38,2,1,1
DE,15-34,2025,1,2025-01-05,40,210,1,2,1,0
DE,15-34,2025,2,2025-01-12,208,165,0,0,0,0
DE,15-34,2025,3,2025-01-19,144,137,1,1,0,1
DE,15-34,2025,4,2025-01-26,169,148,2,2,1,0
DE,15-34,2025,5,2025-02-02,176,145,3,1,1,1
DE,15-34,2025,6,2025-02-09,117,105,0,1,0,0
DE,15-34,2025,7,2025-02-16,114,98,4,0,0,0
DE,15-34,2025,8,2025-02-23,104,78,3,0,1,0
DE,15-34,2025,9,2025-03-02,100,76,2,0,0,0
DE,15-34,2025,10,2025-03-09,72,57,1,0,0,0
DE,15-34,2025,11,2025-03-16,62,54,1,0,0,1
DE,15-34,2025,12,2025-03-23,58,47,0,0,1,0
DE,15-34,2025,13,2025-03-30,45,45,0,0,0,0
DE,15-34,2025,14,2025-04-06,35,37,1,0,0,0
DE,15-34,2025,15,2025-04-13,48,35,0,0,0,0
DE,15-34,2025,16,2025-04-20,47,0,23,0,0,0
DE,15-34,2025,17,2025-04-27,0,45,0,0,0,0
DE,15-34,2025,18,2025-05-04,27,26,0,0,0,0
DE,15-34,2025,19,2025-05-11,32,27,0,0,0,0
DE,15-34,2025,20,2025-05-18,39,27,0,0,0,0
DE,15-34,2025,21,2025-05-25,52,39,0,0,0,0
DE,15-34,2025,22,2025-06-01,43,29,0,1,0,0
DE,15-34,2025,23,2025-06-08,66,43,1,0,0,0
DE,15-34,2025,24,2025-06-15,39,52,0,0,0,0
DE,15-34,2025,25,2025-06-22,76,38,1,1,0,0
DE,15-34,2025,26,2025-06-29,79,38,0,0,0,0
DE,15-34,2025,27,2025-07-06,51,48,0,0,0,0
DE,15-34,2025,28,2025-07-13,56,38,2,0,0,0
DE,15-34,2025,29,2025-07-20,65,68,0,0,0,0
DE,15-34,2025,30,2025-07-27,81,58,1,0,0,1
DE,15-34,2025,31,2025-08-03,69,47,0,1,1,0
DE,15-34,2025,32,2025-08-10,89,73,1,0,0,0
DE,15-34,2025,33,2025-08-17,92,107,1,1,1,0
DE,15-34,2025,34,2025-08-24,131,124,0,0,0,0
DE,15-34,2025,35,2025-08-31,129,143,4,0,0,0
DE,15-34,2025,36,2025-09-07,172,170,2,2,0,
DE,15-34,2025,37,2025-09-14,180,197,4,1,,
DE,15-34,2025,38,2025-09-21,247,203,3,,,
DE,15-34,2025,39,2025-09-28,286,242,,,,
DE,15-34,2025,40,2025-10-05,329,,,,,
DE,35-59,2024,41,2024-10-13,1769,1666,17,5,0,2
DE,35-59,2024,42,2024-10-20,1827,1523,28,9,3,4
DE,35-59,2024,43,2024-10-27,1940,1373,15,10,0,9
DE,35-59,2024,44,2024-11-03,1582,757,15,3,5,4
DE,35-59,2024,45,2024-11-10,1454,1075,11,9,4,3
DE,35-59,2024,46,2024-11-17,1235,1026,23,0,6,1
DE,35-59,2024,47,2024-11-24,1283,1079,0,2,2,1
DE,35-59,2024,48,2024-12-01,1301,998,5,2,0,1
DE,35-59,2024,49,2024-12-08,1015,948,6,3,0,15
DE,35-59,2024,50,2024-12-15,1115,758,1,3,9,7
DE,35-59,2024,51,2024-12-22,889,604,27,21,0,0
DE,35-59,2024,52,2024-12-29,136,304,77,3,0,0
DE,35-59,2025,1,2025-01-05,116,557,4,1,0,2
DE,35-59,2025,2,2025-01-12,488,342,2,0,1,0
DE,35-59,2025,3,2025-01-19,364,284,2,1,2,1
DE,35-59,2025,4,2025-01-26,377,359,5,4,0,0
DE,35-59,2025,5,2025-02-02,424,356,3,0,2,1
DE,35-59,2025,6,2025-02-09,316,264,0,0,0,0
DE,35-59,2025,7,2025-02-16,288,216,3,0,0,0
DE,35-59,2025,8,2025-02-23,224,180,0,1,0,0
DE,35-59,2025,9,2025-03-02,218,135,3,2,0,0
DE,35-59,2025,10,2025-03-09,164,109,0,0,0,0
DE,35-59,2025,11,2025-03-16,139,117,0,0,0,0
DE,35-59,2025,12,2025-03-23,120,80,0,0,0,0
DE,35-59,2025,13,2025-03-30,139,83,0,1,0,0
DE,35-59,2025,14,2025-04-06,102,87,1,0,1,0
DE,35-59,2025,15,2025-04-13,105,64,0,1,0,0
DE,35-59,2025,16,2025-04-20,103,0,45,0,0,0
DE,35-59,2025,17,2025-04-27,0,123,0,0,1,0
DE,35-59,2025,18,2025-05-04,70,25,0,0,0,0
DE,35-59,2025,19,2025-05-11,68,42,0,0,0,0
DE,35-59,2025,20,2025-05-18,68,49,0,0,0,0
DE,35-59,2025,21,2025-05-25,76,75,0,0,0,0
DE,35-59,2025,22,2025-06-01,86,50,0,0,0,0
DE,35-59,2025,23,2025-06-08,113,86,2,0,0,0
DE,35-59,2025,24,2025-06-15,63,86,1,0,0,0
DE,35-59,2025,25,2025-06-22,105,55,2,0,0,1
DE,35-59,2025,26,2025-06-29,102,66,0,0,0,0
DE,35-59,2025,27,2025-07-06,78,77,1,0,0,0
DE,35-59,2025,28,2025-07-13,94,68,0,0,0,1
DE,35-59,2025,29,2025-07-20,99,76,0,0,0,0
DE,35-59,2025,30,2025-07-27,92,85,1,0,0,0
DE,35-59,2025,31,2025-08-03,113,83,1,0,0,0
DE,35-59,2025,32,2025-08-10,123,123,0,0,0,0
DE,35-59,2025,33,2025-08-17,160,137,6,1,0,0
DE,35-59,2025,34,2025-08-24,184,156,3,1,0,0
DE,35-59,2025,35,2025-08-31,217,198,1,0,0,1
DE,35-59,2025,36,2025-09-07,289,270,6,2,0,
DE,35-59,2025,37,2025-09-14,296,329,9,3,,
DE,35-59,2025,38,2025-09-21,431,389,6,,,
DE,35-59,2025,39,2025-09-28,502,426,,,,
DE,35-59,2025,40,2025-10-05,542,,,,,
DE,60-79,2024,41,2024-10-13,2620,2284,22,10,5,6
DE,60-79,2024,42,2024-10-20,2792,2297,15,7,5,0
DE,60-79,2024,43,2024-10-27,3045,2061,46,5,1,5
DE,60-79,2024,44,2024-11-03,2532,1208,26,0,0,0
DE,60-79,2024,45,2024-11-10,2208,1365,8,0,0,0
DE,60-79,2024,46,2024-11-17,1872,1405,18,4,4,1
DE,60-79,2024,47,2024-11-24,1893,1446,23,5,6,7
DE,60-79,2024,48,2024-12-01,1947,1354,5,3,12,4
DE,60-79,2024,49,2024-12-08,1536,1286,14,5,3,2
DE,60-79,2024,50,2024-12-15,1633,1117,15,3,5,6
DE,60-79,2024,51,2024-12-22,1595,924,62,13,1,1
DE,60-79,2024,52,2024-12-29,289,733,168,2,1,1
DE,60-79,2025,1,2025-01-05,279,1284,7,2,0,0
DE,60-79,2025,2,2025-01-12,902,525,8,0,0,1
DE,60-79,2025,3,2025-01-19,649,444,9,2,0,4
DE,60-79,2025,4,2025-01-26,620,455,8,2,1,0
DE,60-79,2025,5,2025-02-02,626,464,9,0,3,0
DE,60-79,2025,6,2025-02-09,523,332,2,4,0,0
DE,60-79,2025,7,2025-02-16,407,282,3,2,1,0
DE,60-79,2025,8,2025-02-23,410,241,4,1,0,1
DE,60-79,2025,9,2025-03-02,346,218,0,2,1,0
DE,60-79,2025,10,2025-03-09,249,157,0,1,0,1
DE,60-79,2025,11,2025-03-16,241,174,1,0,1,1
DE,60-79,2025,12,2025-03-23,189,138,2,0,2,0
DE,60-79,2025,13,2025-03-30,213,115,1,0,0,0
DE,60-79,2025,14,2025-04-06,172,94,2,0,1,0
DE,60-79,2025,15,2025-04-13,156,121,0,1,0,0
DE,60-79,2025,16,2025-04-20,154,0,74,0,1,0
DE,60-79,2025,17,2025-04-27,0,207,0,0,1,0
DE,60-79,2025,18,2025-05-04,112,50,3,0,0,0
DE,60-79,2025,19,2025-05-11,117,64,0,1,0,0
DE,60-79,2025,20,2025-05-18,119,66,4,0,0,0
DE,60-79,2025,21,2025-05-25,126,108,0,0,0,0
DE,60-79,2025,22,2025-06-01,154,81,1,0,0,0
DE,60-79,2025,23,2025-06-08,167,111,0,0,0,0
DE,60-79,2025,24,2025-06-15,95,120,0,1,1,0
DE,60-79,2025,25,2025-06-22,161,88,0,0,0,0
DE,60-79,2025,26,2025-06-29,118,100,2,0,0,0
DE,60-79,2025,27,2025-07-06,87,73,0,1,0,0
DE,60-79,2025,28,2025-07-13,90,79,1,0,0,0
DE,60-79,2025,29,2025-07-20,111,99,1,0,1,0
DE,60-79,2025,30,2025-07-27,120,109,4,0,0,1
DE,60-79,2025,31,2025-08-03,130,102,3,1,0,0
DE,60-79,2025,32,2025-08-10,174,131,0,0,0,0
DE,60-79,2025,33,2025-08-17,194,148,2,1,0,0
DE,60-79,2025,34,2025-08-24,183,159,3,2,0,1
DE,60-79,2025,35,2025-08-31,217,198,5,2,3,3
DE,60-79,2025,36,2025-09-07,284,252,7,4,0,
DE,60-79,2025,37,2025-09-14,350,314,2,0,,
DE,60-79,2025,38,2025-09-21,440,383,6,,,
DE,60-79,2025,39,2025-09-28,516,436,,,,
DE,60-79,2025,40,2025-10-05,677,,,,,
DE,80+,2024,41,2024-10-13,3210,2643,15,7,4,23
DE,80+,2024,42,2024-10-20,3191,2531,34,19,5,3
DE,80+,2024,43,2024-10-27,3390,2409,40,7,4,4
DE,80+,2024,44,2024-11-03,2875,1341,46,1,3,1
DE,80+,2024,45,2024-11-10,2402,1466,18,1,4,3
DE,80+,2024,46,2024-11-17,1941,1467,28,3,1,0
DE,80+,2024,47,2024-11-24,2050,1437,28,8,2,5
DE,80+,2024,48,2024-12-01,2064,1417,13,6,13,0
DE,80+,2024,49,2024-12-08,1654,1292,6,14,2,6
DE,80+,2024,50,2024-12-15,1792,1190,11,1,6,6
DE,80+,2024,51,2024-12-22,1646,953,95,23,2,5
DE,80+,2024,52,2024-12-29,334,881,206,9,5,1
DE,80+,2025,1,2025-01-05,380,1525,11,0,2,1
DE,80+,2025,2,2025-01-12,979,529,11,7,1,0
DE,80+,2025,3,2025-01-19,732,505,7,3,3,5
DE,80+,2025,4,2025-01-26,666,484,5,5,0,2
DE,80+,2025,5,2025-02-02,605,405,7,2,1,0
DE,80+,2025,6,2025-02-09,444,308,4,3,0,0
DE,80+,2025,7,2025-02-16,419,292,2,0,0,0
DE,80+,2025,8,2025-02-23,414,287,2,0,0,0
DE,80+,2025,9,2025-03-02,372,206,0,1,0,0
DE,80+,2025,10,2025-03-09,260,166,1,0,1,1
DE,80+,2025,11,2025-03-16,235,151,2,0,0,1
DE,80+,2025,12,2025-03-23,167,115,4,0,0,0
DE,80+,2025,13,2025-03-30,188,113,0,0,0,0
DE,80+,2025,14,2025-04-06,160,76,2,0,0,0
DE,80+,2025,15,2025-04-13,148,105,0,0,0,0
DE,80+,2025,16,2025-04-20,133,0,57,0,0,0
DE,80+,2025,17,2025-04-27,0,166,0,1,0,0
DE,80+,2025,18,2025-05-04,100,52,2,0,0,0
DE,80+,2025,19,2025-05-11,115,66,1,0,0,0
DE,80+,2025,20,2025-05-18,87,51,0,0,0,0
DE,80+,2025,21,2025-05-25,106,103,1,0,0,0
DE,80+,2025,22,2025-06-01,113,76,3,0,0,0
DE,80+,2025,23,2025-06-08,143,68,4,0,0,0
DE,80+,2025,24,2025-06-15,73,90,1,1,0,0
DE,80+,2025,25,2025-06-22,161,71,0,0,0,0
DE,80+,2025,26,2025-06-29,107,77,5,0,0,0
DE,80+,2025,27,2025-07-06,66,67,0,0,0,0
DE,80+,2025,28,2025-07-13,78,61,0,1,0,0
DE,80+,2025,29,2025-07-20,84,68,0,0,0,0
DE,80+,2025,30,2025-07-27,94,91,0,0,1,0
DE,80+,2025,31,2025-08-03,126,67,0,0,0,0
DE,80+,2025,32,2025-08-10,123,122,2,0,1,1
DE,80+,2025,33,2025-08-17,145,122,7,1,0,0
DE,80+,2025,34,2025-08-24,172,126,1,3,1,3
DE,80+,2025,35,2025-08-31,179,177,3,0,3,2
DE,80+,2025,36,2025-09-07,256,207,4,1,1,
DE,80+,2025,37,2025-09-14,299,255,12,3,,
DE,80+,2025,38,2025-09-21,311,308,2,,,
DE,80+,2025,39,2025-09-28,479,401,,,,
DE,80+,2025,40,2025-10-05,690,,,,,
DE-BB-BE,00+,2024,41,2024-10-13,613,481,2,1,0,0
DE-BB-BE,00+,2024,42,2024-10-20,773,567,3,1,0,0
DE-BB-BE,00+,2024,43,2024-10-27,843,660,11,0,1,0
DE-BB-BE,00+,2024,44,2024-11-03,777,343,2,0,0,0
DE-BB-BE,00+,2024,45,2024-11-10,736,477,3,0,0,0
DE-BB-BE,00+,2024,46,2024-11-17,675,382,14,3,0,0
DE-BB-BE,00+,2024,47,2024-11-24,750,445,1,2,0,4
DE-BB-BE,00+,2024,48,2024-12-01,884,441,4,0,6,0
DE-BB-BE,00+,2024,49,2024-12-08,771,402,0,7,1,1
DE-BB-BE,00+,2024,50,2024-12-15,701,459,2,1,5,0
DE-BB-BE,00+,2024,51,2024-12-22,599,329,4,5,0,2
DE-BB-BE,00+,2024,52,2024-12-29,167,235,49,2,0,0
DE-BB-BE,00+,2025,1,2025-01-05,99,362,2,1,1,0
DE-BB-BE,00+,2025,2,2025-01-12,366,203,5,3,0,0
DE-BB-BE,00+,2025,3,2025-01-19,274,153,2,0,0,0
DE-BB-BE,00+,2025,4,2025-01-26,215,137,2,2,0,0
DE-BB-BE,00+,2025,5,2025-02-02,237,135,1,0,2,0
DE-BB-BE,00+,2025,6,2025-02-09,173,71,0,0,0,0
DE-BB-BE,00+,2025,7,2025-02-16,99,141,0,0,0,0
DE-BB-BE,00+,2025,8,2025-02-23,144,72,1,0,0,0
DE-BB-BE,00+,2025,9,2025-03-02,107,60,0,0,0,1
DE-BB-BE,00+,2025,10,2025-03-09,79,56,1,0,0,0
DE-BB-BE,00+,2025,11,2025-03-16,85,37,1,0,0,0
DE-BB-BE,00+,2025,12,2025-03-23,63,45,0,0,0,0
DE-BB-BE,00+,2025,13,2025-03-30,67,40,0,0,0,0
DE-BB-BE,00+,2025,14,2025-04-06,50,19,0,0,0,0
DE-BB-BE,00+,2025,15,2025-04-13,39,20,0,15,0,0
DE-BB-BE,00+,2025,16,2025-04-20,50,0,18,0,0,0
DE-BB-BE,00+,2025,17,2025-04-27,0,57,0,0,0,0
DE-BB-BE,00+,2025,18,2025-05-04,37,24,0,0,0,0
DE-BB-BE,00+,2025,19,2025-05-11,43,10,0,0,0,0
DE-BB-BE,00+,2025,20,2025-05-18,39,17,0,0,0,0
DE-BB-BE,00+,2025,21,2025-05-25,49,32,0,0,0,0
DE-BB-BE,00+,2025,22,2025-06-01,38,29,1,0,0,0
DE-BB-BE,00+,2025,23,2025-06-08,42,24,3,0,0,0
DE-BB-BE,00+,2025,24,2025-06-15,27,31,0,0,0,0
DE-BB-BE,00+,2025,25,2025-06-22,54,21,1,0,0,0
DE-BB-BE,00+,2025,26,2025-06-29,47,31,0,0,0,0
DE-BB-BE,00+,2025,27,2025-07-06,27,29,0,0,0,0
DE-BB-BE,00+,2025,28,2025-07-13,36,32,0,0,0,0
DE-BB-BE,00+,2025,29,2025-07-20,34,30,0,0,0,0
DE-BB-BE,00+,2025,30,2025-07-27,43,23,1,0,0,0
DE-BB-BE,00+,2025,31,2025-08-03,42,24,0,0,0,0
DE-BB-BE,00+,2025,32,2025-08-10,55,41,0,0,0,0
DE-BB-BE,00+,2025,33,2025-08-17,50,50,0,0,0,0
DE-BB-BE,00+,2025,34,2025-08-24,104,44,0,0,0,4
DE-BB-BE,00+,2025,35,2025-08-31,77,60,0,4,5,0
DE-BB-BE,00+,2025,36,2025-09-07,102,86,7,0,0,
DE-BB-BE,00+,2025,37,2025-09-14,115,104,4,0,,
DE-BB-BE,00+,2025,38,2025-09-21,143,102,1,,,
DE-BB-BE,00+,2025,39,2025-09-28,170,118,,,,
DE-BB-BE,00+,2025,40,2025-10-05,238,,,,,
DE-BW,00+,2024,41,2024-10-13,1148,898,6,0,0,0
DE-BW,00+,2024,42,2024-10-20,1172,868,10,0,1,0
DE-BW,00+,2024,43,2024-10-27,988,758,6,5,0,0
DE-BW,00+,2024,44,2024-11-03,909,388,24,0,2,0
DE-BW,00+,2024,45,2024-11-10,852,437,1,1,0,0
DE-BW,00+,2024,46,2024-11-17,566,429,3,1,0,1
DE-BW,00+,2024,47,2024-11-24,548,381,1,0,0,0
DE-BW,00+,2024,48,2024-12-01,515,377,3,1,0,0
DE-BW,00+,2024,49,2024-12-08,416,314,4,1,0,0
DE-BW,00+,2024,50,2024-12-15,455,325,0,0,1,1
DE-BW,00+,2024,51,2024-12-22,380,261,18,11,0,1
DE-BW,00+,2024,52,2024-12-29,93,222,28,0,0,0
DE-BW,00+,2025,1,2025-01-05,145,368,13,2,2,0
DE-BW,00+,2025,2,2025-01-12,274,176,2,3,0,0
DE-BW,00+,2025,3,2025-01-19,215,135,3,0,0,0
DE-BW,00+,2025,4,2025-01-26,115,236,2,0,0,0
DE-BW,00+,2025,5,2025-02-02,189,102,0,0,0,0
DE-BW,00+,2025,6,2025-02-09,125,119,0,0,0,0
DE-BW,00+,2025,7,2025-02-16,81,117,0,0,0,0
DE-BW,00+,2025,8,2025-02-23,96,67,1,0,0,0
DE-BW,00+,2025,9,2025-03-02,141,70,1,0,1,0
DE-BW,00+,2025,10,2025-03-09,60,44,1,0,0,0
DE-BW,00+,2025,11,2025-03-16,64,55,1,0,0,2
DE-BW,00+,2025,12,2025-03-23,39,27,0,0,2,0
DE-BW,00+,2025,13,2025-03-30,56,32,0,0,0,0
DE-BW,00+,2025,14,2025-04-06,36,31,0,0,0,0
DE-BW,00+,2025,15,2025-04-13,40,46,0,0,0,0
DE-BW,00+,2025,16,2025-04-20,37,0,16,0,0,0
DE-BW,00+,2025,17,2025-04-27,0,39,0,0,0,0
DE-BW,00+,2025,18,2025-05-04,28,23,0,0,0,0
DE-BW,00+,2025,19,2025-05-11,32,11,0,1,0,0
DE-BW,00+,2025,20,2025-05-18,31,18,1,0,0,0
DE-BW,00+,2025,21,2025-05-25,25,36,0,0,0,0
DE-BW,00+,2025,22,2025-06-01,47,25,1,0,0,0
DE-BW,00+,2025,23,2025-06-08,37,37,0,0,0,0
DE-BW,00+,2025,24,2025-06-15,31,26,0,2,0,0
DE-BW,00+,2025,25,2025-06-22,46,20,1,0,0,0
DE-BW,00+,2025,26,2025-06-29,38,25,1,0,0,0
DE-BW,00+,2025,27,2025-07-06,26,33,0,0,0,0
DE-BW,00+,2025,28,2025-07-13,42,26,0,0,0,0
DE-BW,00+,2025,29,2025-07-20,37,39,0,0,0,0
DE-BW,00+,2025,30,2025-07-27,40,39,0,0,0,0
DE-BW,00+,2025,31,2025-08-03,54,58,0,0,0,0
DE-BW,00+,2025,32,2025-08-10,96,46,0,0,0,1
DE-BW,00+,2025,33,2025-08-17,74,57,1,1,0,0
DE-BW,00+,2025,34,2025-08-24,55,63,1,0,0,0
DE-BW,00+,2025,35,2025-08-31,69,71,0,0,0,0
DE-BW,00+,2025,36,2025-09-07,105,71,1,0,0,
DE-BW,00+,2025,37,2025-09-14,94,102,0,3,,
DE-BW,00+,2025,38,2025-09-21,150,104,0,,,
DE-BW,00+,2025,39,2025-09-28,177,159,,,,
DE-BW,00+,2025,40,2025-10-05,225,,,,,
DE-BY,00+,2024,41,2024-10-13,1883,1824,11,2,0,0
DE-BY,00+,2024,42,2024-10-20,2192,1446,1,3,3,1
DE-BY,00+,2024,43,2024-10-27,1843,1177,6,2,3,5
DE-BY,00+,2024,44,2024-11-03,1529,543,12,3,0,1
DE-BY,00+,2024,45,2024-11-10,1112,520,5,4,0,0
DE-BY,00+,2024,46,2024-11-17,789,485,5,0,4,0
DE-BY,00+,2024,47,2024-11-24,718,425,5,1,0,0
DE-BY,00+,2024,48,2024-12-01,685,352,4,1,0,0
DE-BY,00+,2024,49,2024-12-08,539,354,4,1,0,0
DE-BY,00+,2024,50,2024-12-15,549,320,11,0,4,0
DE-BY,00+,2024,51,2024-12-22,531,328,12,2,2,0
DE-BY,00+,2024,52,2024-12-29,176,279,33,1,0,0
DE-BY,00+,2025,1,2025-01-05,149,546,0,0,0,1
DE-BY,00+,2025,2,2025-01-12,331,228,4,1,0,0
DE-BY,00+,2025,3,2025-01-19,299,162,1,1,0,1
DE-BY,00+,2025,4,2025-01-26,308,159,1,1,2,0
DE-BY,00+,2025,5,2025-02-02,276,181,1,1,0,1
DE-BY,00+,2025,6,2025-02-09,272,166,9,0,0,0
DE-BY,00+,2025,7,2025-02-16,136,233,0,0,0,0
DE-BY,00+,2025,8,2025-02-23,170,96,1,0,0,0
DE-BY,00+,2025,9,2025-03-02,140,95,1,0,0,0
DE-BY,00+,2025,10,2025-03-09,131,53,0,1,1,0
DE-BY,00+,2025,11,2025-03-16,115,53,0,0,0,0
DE-BY,00+,2025,12,2025-03-23,103,49,0,0,0,0
DE-BY,00+,2025,13,2025-03-30,106,51,1,0,0,0
DE-BY,00+,2025,14,2025-04-06,92,43,0,0,0,0
DE-BY,00+,2025,15,2025-04-13,91,36,0,1,0,0
DE-BY,00+,2025,16,2025-04-20,85,0,26,0,1,0
DE-BY,00+,2025,17,2025-04-27,0,104,0,1,0,0
DE-BY,00+,2025,18,2025-05-04,67,17,2,0,0,0
DE-BY,00+,2025,19,2025-05-11,64,57,0,0,0,0
DE-BY,00+,2025,20,2025-05-18,62,23,1,0,0,0
DE-BY,00+,2025,21,2025-05-25,57,66,0,0,0,0
DE-BY,00+,2025,22,2025-06-01,97,54,1,0,0,0
DE-BY,00+,2025,23,2025-06-08,118,84,2,0,1,0
DE-BY,00+,2025,24,2025-06-15,58,73,0,0,0,0
DE-BY,00+,2025,25,2025-06-22,150,32,0,0,0,0
DE-BY,00+,2025,26,2025-06-29,68,37,0,0,0,0
DE-BY,00+,2025,27,2025-07-06,55,43,0,0,0,0
DE-BY,00+,2025,28,2025-07-13,59,44,1,0,0,0
DE-BY,00+,2025,29,2025-07-20,76,58,0,0,0,0
DE-BY,00+,2025,30,2025-07-27,96,70,1,1,0,0
DE-BY,00+,2025,31,2025-08-03,84,60,1,1,0,1
DE-BY,00+,2025,32,2025-08-10,109,88,2,0,0,0
DE-BY,00+,2025,33,2025-08-17,112,59,0,2,0,0
DE-BY,00+,2025,34,2025-08-24,116,91,1,0,0,0
DE-BY,00+,2025,35,2025-08-31,128,94,2,1,0,0
DE-BY,00+,2025,36,2025-09-07,167,108,5,1,0,
DE-BY,00+,2025,37,2025-09-14,180,162,3,1,,
DE-BY,00+,2025,38,2025-09-21,260,243,4,,,
DE-BY,00+,2025,39,2025-09-28,381,280,,,,
DE-BY,00+,2025,40,2025-10-05,545,,,,,
DE-HE,00+,2024,41,2024-10-13,662,393,0,0,4,0
DE-HE,00+,2024,42,2024-10-20,621,402,1,1,1,2
DE-HE,00+,2024,43,2024-10-27,726,321,5,0,1,9
DE-HE,00+,2024,44,2024-11-03,590,219,0,0,0,1
DE-HE,00+,2024,45,2024-11-10,461,193,1,1,3,0
DE-HE,00+,2024,46,2024-11-17,508,253,4,1,0,0
DE-HE,00+,2024,47,2024-11-24,534,266,8,2,0,1
DE-HE,00+,2024,48,2024-12-01,496,193,1,4,0,0
DE-HE,00+,2024,49,2024-12-08,318,159,0,2,0,1
DE-HE,00+,2024,50,2024-12-15,425,164,1,0,2,0
DE-HE,00+,2024,51,2024-12-22,449,151,2,16,1,0
DE-HE,00+,2024,52,2024-12-29,0,45,183,1,0,0
DE-HE,00+,2025,1,2025-01-05,23,380,0,0,0,1
DE-HE,00+,2025,2,2025-01-12,208,98,0,1,1,0
DE-HE,00+,2025,3,2025-01-19,121,85,1,0,0,0
DE-HE,00+,2025,4,2025-01-26,159,95,7,0,0,0
DE-HE,00+,2025,5,2025-02-02,144,79,11,0,0,0
DE-HE,00+,2025,6,2025-02-09,109,58,0,2,0,0
DE-HE,00+,2025,7,2025-02-16,70,85,3,0,0,0
DE-HE,00+,2025,8,2025-02-23,91,52,1,0,0,0
DE-HE,00+,2025,9,2025-03-02,89,39,0,0,0,0
DE-HE,00+,2025,10,2025-03-09,61,32,0,0,0,0
DE-HE,00+,2025,11,2025-03-16,61,22,0,0,0,0
DE-HE,00+,2025,12,2025-03-23,42,23,0,0,0,0
DE-HE,00+,2025,13,2025-03-30,33,18,0,0,0,0
DE-HE,00+,2025,14,2025-04-06,45,16,0,0,0,0
DE-HE,00+,2025,15,2025-04-13,30,21,0,0,0,0
DE-HE,00+,2025,16,2025-04-20,44,0,4,0,0,0
DE-HE,00+,2025,17,2025-04-27,0,45,0,0,0,0
DE-HE,00+,2025,18,2025-05-04,34,10,0,0,0,0
DE-HE,00+,2025,19,2025-05-11,39,9,0,0,0,0
DE-HE,00+,2025,20,2025-05-18,16,17,0,0,0,0
DE-HE,00+,2025,21,2025-05-25,31,11,0,0,0,0
DE-HE,00+,2025,22,2025-06-01,45,11,0,0,0,0
DE-HE,00+,2025,23,2025-06-08,50,26,0,0,0,0
DE-HE,00+,2025,24,2025-06-15,28,27,0,0,0,0
DE-HE,00+,2025,25,2025-06-22,48,7,0,0,0,0
DE-HE,00+,2025,26,2025-06-29,24,17,0,0,0,0
DE-HE,00+,2025,27,2025-07-06,12,16,0,0,0,0
DE-HE,00+,2025,28,2025-07-13,31,10,0,0,0,0
DE-HE,00+,2025,29,2025-07-20,31,20,0,0,1,0
DE-HE,00+,2025,30,2025-07-27,34,26,0,0,0,0
DE-HE,00+,2025,31,2025-08-03,32,16,0,0,0,0
DE-HE,00+,2025,32,2025-08-10,39,27,0,0,0,0
DE-HE,00+,2025,33,2025-08-17,65,43,6,1,0,0
DE-HE,00+,2025,34,2025-08-24,60,58,0,0,0,0
DE-HE,00+,2025,35,2025-08-31,93,32,0,0,1,5
DE-HE,00+,2025,36,2025-09-07,134,64,0,0,1,
DE-HE,00+,2025,37,2025-09-14,100,71,0,2,,
DE-HE,00+,2025,38,2025-09-21,144,104,4,,,
DE-HE,00+,2025,39,2025-09-28,140,128,,,,
DE-HE,00+,2025,40,2025-10-05,192,,,,,
DE-MV,00+,2024,41,2024-10-13,219,316,1,0,0,0
DE-MV,00+,2024,42,2024-10-20,181,385,2,2,1,0
DE-MV,00+,2024,43,2024-10-27,274,255,7,0,0,0
DE-MV,00+,2024,44,2024-11-03,89,340,1,0,0,0
DE-MV,00+,2024,45,2024-11-10,149,189,0,0,0,0
DE-MV,00+,2024,46,2024-11-17,138,239,4,0,1,0
DE-MV,00+,2024,47,2024-11-24,157,207,1,0,0,0
DE-MV,00+,2024,48,2024-12-01,140,254,0,0,0,0
DE-MV,00+,2024,49,2024-12-08,115,161,1,0,0,0
DE-MV,00+,2024,50,2024-12-15,154,199,0,0,0,0
DE-MV,00+,2024,51,2024-12-22,100,170,28,2,0,1
DE-MV,00+,2024,52,2024-12-29,0,123,41,7,0,0
DE-MV,00+,2025,1,2025-01-05,0,126,4,0,0,0
DE-MV,00+,2025,2,2025-01-12,62,63,0,0,0,0
DE-MV,00+,2025,3,2025-01-19,47,72,0,0,0,0
DE-MV,00+,2025,4,2025-01-26,50,54,0,0,0,0
DE-MV,00+,2025,5,2025-02-02,32,69,0,0,0,0
DE-MV,00+,2025,6,2025-02-09,26,44,2,0,0,0
DE-MV,00+,2025,7,2025-02-16,15,41,0,0,0,0
DE-MV,00+,2025,8,2025-02-23,16,49,0,0,0,1
DE-MV,00+,2025,9,2025-03-02,27,33,0,0,0,0
DE-MV,00+,2025,10,2025-03-09,23,30,0,0,0,0
DE-MV,00+,2025,11,2025-03-16,22,28,0,0,0,0
DE-MV,00+,2025,12,2025-03-23,11,16,0,0,0,0
DE-MV,00+,2025,13,2025-03-30,13,17,0,1,0,0
DE-MV,00+,2025,14,2025-04-06,12,15,0,0,0,0
DE-MV,00+,2025,15,2025-04-13,4,14,0,0,0,0
DE-MV,00+,2025,16,2025-04-20,8,0,20,0,0,0
DE-MV,00+,2025,17,2025-04-27,0,20,0,0,0,0
DE-MV,00+,2025,18,2025-05-04,10,5,0,0,0,0
DE-MV,00+,2025,19,2025-05-11,2,5,0,0,0,0
DE-MV,00+,2025,20,2025-05-18,3,4,0,0,0,0
DE-MV,00+,2025,21,2025-05-25,5,9,0,0,0,0
DE-MV,00+,2025,22,2025-06-01,1,2,0,0,0,0
DE-MV,00+,2025,23,2025-06-08,11,7,0,0,0,0
DE-MV,00+,2025,24,2025-06-15,5,10,0,0,0,0
DE-MV,00+,2025,25,2025-06-22,5,13,0,0,0,0
DE-MV,00+,2025,26,2025-06-29,2,7,0,0,0,0
DE-MV,00+,2025,27,2025-07-06,3,6,0,0,0,0
DE-MV,00+,2025,28,2025-07-13,7,8,0,0,0,0
DE-MV,00+,2025,29,2025-07-20,6,9,0,0,0,0
DE-MV,00+,2025,30,2025-07-27,2,17,0,0,0,0
DE-MV,00+,2025,31,2025-08-03,15,5,0,0,0,0
DE-MV,00+,2025,32,2025-08-10,10,10,0,0,0,0
DE-MV,00+,2025,33,2025-08-17,14,7,0,0,0,0
DE-MV,00+,2025,34,2025-08-24,7,13,0,0,0,0
DE-MV,00+,2025,35,2025-08-31,14,20,0,0,0,0
DE-MV,00+,2025,36,2025-09-07,15,21,0,0,0,
DE-MV,00+,2025,37,2025-09-14,25,16,0,0,,
DE-MV,00+,2025,38,2025-09-21,21,36,0,,,
DE-MV,00+,2025,39,2025-09-28,31,57,,,,
DE-MV,00+,2025,40,2025-10-05,37,,,,,
DE-NI-HB,00+,2024,41,2024-10-13,508,571,13,2,1,2
DE-NI-HB,00+,2024,42,2024-10-20,552,613,13,7,2,0
DE-NI-HB,00+,2024,43,2024-10-27,614,547,16,1,0,0
DE-NI-HB,00+,2024,44,2024-11-03,524,434,5,0,2,0
DE-NI-HB,00+,2024,45,2024-11-10,527,428,15,0,0,0
DE-NI-HB,00+,2024,46,2024-11-17,483,538,0,0,0,0
DE-NI-HB,00+,2024,47,2024-11-24,532,568,18,2,0,8
DE-NI-HB,00+,2024,48,2024-12-01,457,456,4,0,19,0
DE-NI-HB,00+,2024,49,2024-12-08,334,451,5,7,0,16
DE-NI-HB,00+,2024,50,2024-12-15,331,321,17,0,3,1
DE-NI-HB,00+,2024,51,2024-12-22,334,262,18,17,1,0
DE-NI-HB,00+,2024,52,2024-12-29,40,254,17,3,0,0
DE-NI-HB,00+,2025,1,2025-01-05,92,253,3,0,0,0
DE-NI-HB,00+,2025,2,2025-01-12,166,135,4,0,0,0
DE-NI-HB,00+,2025,3,2025-01-19,124,130,1,5,1,0
DE-NI-HB,00+,2025,4,2025-01-26,142,169,7,7,1,1
DE-NI-HB,00+,2025,5,2025-02-02,123,126,2,0,2,0
DE-NI-HB,00+,2025,6,2025-02-09,100,85,1,0,0,0
DE-NI-HB,00+,2025,7,2025-02-16,55,120,1,0,0,0
DE-NI-HB,00+,2025,8,2025-02-23,103,116,1,0,0,0
DE-NI-HB,00+,2025,9,2025-03-02,96,66,0,1,0,0
DE-NI-HB,00+,2025,10,2025-03-09,53,49,0,1,0,2
DE-NI-HB,00+,2025,11,2025-03-16,35,54,1,0,1,0
DE-NI-HB,00+,2025,12,2025-03-23,40,58,0,2,0,0
DE-NI-HB,00+,2025,13,2025-03-30,38,25,0,0,0,1
DE-NI-HB,00+,2025,14,2025-04-06,28,35,1,0,0,0
DE-NI-HB,00+,2025,15,2025-04-13,31,27,0,0,0,0
DE-NI-HB,00+,2025,16,2025-04-20,33,0,18,0,0,0
DE-NI-HB,00+,2025,17,2025-04-27,0,34,0,0,0,0
DE-NI-HB,00+,2025,18,2025-05-04,28,20,1,0,0,0
DE-NI-HB,00+,2025,19,2025-05-11,15,19,0,0,0,0
DE-NI-HB,00+,2025,20,2025-05-18,24,33,1,0,0,0
DE-NI-HB,00+,2025,21,2025-05-25,26,36,1,0,0,0
DE-NI-HB,00+,2025,22,2025-06-01,21,27,0,1,0,0
DE-NI-HB,00+,2025,23,2025-06-08,36,17,0,0,0,0
DE-NI-HB,00+,2025,24,2025-06-15,12,37,0,0,1,0
DE-NI-HB,00+,2025,25,2025-06-22,28,30,1,0,0,1
DE-NI-HB,00+,2025,26,2025-06-29,32,45,4,0,0,0
DE-NI-HB,00+,2025,27,2025-07-06,25,28,0,0,0,0
DE-NI-HB,00+,2025,28,2025-07-13,27,26,2,0,0,0
DE-NI-HB,00+,2025,29,2025-07-20,21,52,0,0,0,0
DE-NI-HB,00+,2025,30,2025-07-27,33,40,0,0,0,1
DE-NI-HB,00+,2025,31,2025-08-03,35,20,0,0,0,0
DE-NI-HB,00+,2025,32,2025-08-10,53,68,0,0,0,0
DE-NI-HB,00+,2025,33,2025-08-17,57,58,3,0,1,0
DE-NI-HB,00+,2025,34,2025-08-24,71,74,1,1,1,0
DE-NI-HB,00+,2025,35,2025-08-31,85,94,4,3,0,0
DE-NI-HB,00+,2025,36,2025-09-07,98,135,0,1,1,
DE-NI-HB,00+,2025,37,2025-09-14,109,151,9,0,,
DE-NI-HB,00+,2025,38,2025-09-21,117,137,4,,,
DE-NI-HB,00+,2025,39,2025-09-28,114,142,,,,
DE-NI-HB,00+,2025,40,2025-10-05,157,,,,,
DE-NW,00+,2024,41,2024-10-13,1303,1274,14,1,0,0
DE-NW,00+,2024,42,2024-10-20,1078,1101,5,0,7,0
DE-NW,00+,2024,43,2024-10-27,1348,913,6,17,0,0
DE-NW,00+,2024,44,2024-11-03,993,452,24,0,0,8
DE-NW,00+,2024,45,2024-11-10,829,717,2,1,6,1
DE-NW,00+,2024,46,2024-11-17,745,777,10,4,0,8
DE-NW,00+,2024,47,2024-11-24,948,702,13,0,12,0
DE-NW,00+,2024,48,2024-12-01,944,834,6,1,0,0
DE-NW,00+,2024,49,2024-12-08,827,773,7,2,0,7
DE-NW,00+,2024,50,2024-12-15,938,656,8,0,5,14
DE-NW,00+,2024,51,2024-12-22,767,553,49,6,0,1
DE-NW,00+,2024,52,2024-12-29,131,425,82,0,0,0
DE-NW,00+,2025,1,2025-01-05,180,695,3,1,0,0
DE-NW,00+,2025,2,2025-01-12,459,291,3,0,0,1
DE-NW,00+,2025,3,2025-01-19,327,308,7,3,0,1
DE-NW,00+,2025,4,2025-01-26,326,314,1,0,3,1
DE-NW,00+,2025,5,2025-02-02,395,294,10,1,3,0
DE-NW,00+,2025,6,2025-02-09,310,254,0,5,0,0
DE-NW,00+,2025,7,2025-02-16,143,262,1,0,0,0
DE-NW,00+,2025,8,2025-02-23,261,183,0,0,0,0
DE-NW,00+,2025,9,2025-03-02,232,156,1,2,0,0
DE-NW,00+,2025,10,2025-03-09,145,113,1,0,0,0
DE-NW,00+,2025,11,2025-03-16,131,154,1,0,0,0
DE-NW,00+,2025,12,2025-03-23,118,93,5,0,0,0
DE-NW,00+,2025,13,2025-03-30,153,91,0,0,0,0
DE-NW,00+,2025,14,2025-04-06,114,75,1,0,1,0
DE-NW,00+,2025,15,2025-04-13,113,111,0,0,0,0
DE-NW,00+,2025,16,2025-04-20,90,0,55,0,0,0
DE-NW,00+,2025,17,2025-04-27,0,144,0,0,1,0
DE-NW,00+,2025,18,2025-05-04,60,41,1,0,0,0
DE-NW,00+,2025,19,2025-05-11,76,41,0,0,0,0
DE-NW,00+,2025,20,2025-05-18,56,48,1,0,0,0
DE-NW,00+,2025,21,2025-05-25,74,92,0,0,0,0
DE-NW,00+,2025,22,2025-06-01,94,76,0,0,1,0
DE-NW,00+,2025,23,2025-06-08,105,67,1,0,0,0
DE-NW,00+,2025,24,2025-06-15,70,92,2,0,0,0
DE-NW,00+,2025,25,2025-06-22,96,67,1,1,0,0
DE-NW,00+,2025,26,2025-06-29,96,70,0,0,0,0
DE-NW,00+,2025,27,2025-07-06,75,62,0,0,0,0
DE-NW,00+,2025,28,2025-07-13,62,66,0,0,0,1
DE-NW,00+,2025,29,2025-07-20,88,69,0,0,0,0
DE-NW,00+,2025,30,2025-07-27,87,71,4,0,1,0
DE-NW,00+,2025,31,2025-08-03,85,58,2,0,1,0
DE-NW,00+,2025,32,2025-08-10,100,105,1,0,1,0
DE-NW,00+,2025,33,2025-08-17,124,131,5,0,0,0
DE-NW,00+,2025,34,2025-08-24,140,118,4,5,1,0
DE-NW,00+,2025,35,2025-08-31,148,184,9,0,0,0
DE-NW,00+,2025,36,2025-09-07,241,242,4,4,0,
DE-NW,00+,2025,37,2025-09-14,319,316,2,3,,
DE-NW,00+,2025,38,2025-09-21,410,354,1,,,
DE-NW,00+,2025,39,2025-09-28,508,407,,,,
DE-NW,00+,2025,40,2025-10-05,528,,,,,
DE-RP-SL,00+,2024,41,2024-10-13,539,458,0,14,7,30
DE-RP-SL,00+,2024,42,2024-10-20,609,352,25,15,3,0
DE-RP-SL,00+,2024,43,2024-10-27,573,292,8,1,0,0
DE-RP-SL,00+,2024,44,2024-11-03,410,194,0,0,0,0
DE-RP-SL,00+,2024,45,2024-11-10,382,198,0,1,0,0
DE-RP-SL,00+,2024,46,2024-11-17,298,209,6,0,0,0
DE-RP-SL,00+,2024,47,2024-11-24,357,205,3,1,0,0
DE-RP-SL,00+,2024,48,2024-12-01,406,205,0,0,0,0
DE-RP-SL,00+,2024,49,2024-12-08,344,195,3,0,0,0
DE-RP-SL,00+,2024,50,2024-12-15,354,188,0,0,0,0
DE-RP-SL,00+,2024,51,2024-12-22,326,131,42,0,0,0
DE-RP-SL,00+,2024,52,2024-12-29,18,165,10,0,0,0
DE-RP-SL,00+,2025,1,2025-01-05,39,302,0,0,0,0
DE-RP-SL,00+,2025,2,2025-01-12,186,92,0,0,0,0
DE-RP-SL,00+,2025,3,2025-01-19,129,96,0,0,0,10
DE-RP-SL,00+,2025,4,2025-01-26,130,83,0,0,1,0
DE-RP-SL,00+,2025,5,2025-02-02,168,140,0,0,0,0
DE-RP-SL,00+,2025,6,2025-02-09,94,47,1,0,0,0
DE-RP-SL,00+,2025,7,2025-02-16,54,113,0,1,0,0
DE-RP-SL,00+,2025,8,2025-02-23,74,42,3,0,0,0
DE-RP-SL,00+,2025,9,2025-03-02,70,36,0,0,0,0
DE-RP-SL,00+,2025,10,2025-03-09,54,37,0,1,0,0
DE-RP-SL,00+,2025,11,2025-03-16,53,31,0,0,0,0
DE-RP-SL,00+,2025,12,2025-03-23,40,25,1,0,0,0
DE-RP-SL,00+,2025,13,2025-03-30,38,29,0,0,0,0
DE-RP-SL,00+,2025,14,2025-04-06,28,25,2,0,1,0
DE-RP-SL,00+,2025,15,2025-04-13,48,16,0,0,0,0
DE-RP-SL,00+,2025,16,2025-04-20,33,0,14,0,0,0
DE-RP-SL,00+,2025,17,2025-04-27,0,59,0,0,0,0
DE-RP-SL,00+,2025,18,2025-05-04,18,5,0,0,0,0
DE-RP-SL,00+,2025,19,2025-05-11,30,13,0,0,0,0
DE-RP-SL,00+,2025,20,2025-05-18,49,13,1,0,0,0
DE-RP-SL,00+,2025,21,2025-05-25,36,21,0,0,0,0
DE-RP-SL,00+,2025,22,2025-06-01,37,7,0,0,0,0
DE-RP-SL,00+,2025,23,2025-06-08,46,22,1,0,0,0
DE-RP-SL,00+,2025,24,2025-06-15,19,15,1,0,0,0
DE-RP-SL,00+,2025,25,2025-06-22,28,15,0,0,0,0
DE-RP-SL,00+,2025,26,2025-06-29,23,20,1,0,0,0
DE-RP-SL,00+,2025,27,2025-07-06,16,23,0,1,0,0
DE-RP-SL,00+,2025,28,2025-07-13,21,14,0,0,0,0
DE-RP-SL,00+,2025,29,2025-07-20,26,22,0,0,0,0
DE-RP-SL,00+,2025,30,2025-07-27,26,25,0,0,0,0
DE-RP-SL,00+,2025,31,2025-08-03,21,13,2,0,0,0
DE-RP-SL,00+,2025,32,2025-08-10,16,21,0,0,0,0
DE-RP-SL,00+,2025,33,2025-08-17,45,44,0,0,0,0
DE-RP-SL,00+,2025,34,2025-08-24,66,47,1,0,0,0
DE-RP-SL,00+,2025,35,2025-08-31,67,55,1,0,0,1
DE-RP-SL,00+,2025,36,2025-09-07,92,63,1,2,0,
DE-RP-SL,00+,2025,37,2025-09-14,102,71,9,0,,
DE-RP-SL,00+,2025,38,2025-09-21,96,112,1,,,
DE-RP-SL,00+,2025,39,2025-09-28,131,101,,,,
DE-RP-SL,00+,2025,40,2025-10-05,107,,,,,
DE-SH-HH,00+,2024,41,2024-10-13,597,358,4,1,1,0
DE-SH-HH,00+,2024,42,2024-10-20,551,423,22,1,0,0
DE-SH-HH,00+,2024,43,2024-10-27,574,401,17,2,0,0
DE-SH-HH,00+,2024,44,2024-11-03,408,206,0,0,0,0
DE-SH-HH,00+,2024,45,2024-11-10,362,266,0,0,0,0
DE-SH-HH,00+,2024,46,2024-11-17,301,229,3,0,0,0
DE-SH-HH,00+,2024,47,2024-11-24,271,224,0,0,0,0
DE-SH-HH,00+,2024,48,2024-12-01,319,249,0,0,1,5
DE-SH-HH,00+,2024,49,2024-12-08,293,215,0,1,3,0
DE-SH-HH,00+,2024,50,2024-12-15,322,162,2,5,0,0
DE-SH-HH,00+,2024,51,2024-12-22,360,142,16,6,0,1
DE-SH-HH,00+,2024,52,2024-12-29,56,103,8,0,0,0
DE-SH-HH,00+,2025,1,2025-01-05,76,186,1,0,0,0
DE-SH-HH,00+,2025,2,2025-01-12,175,57,1,0,0,0
DE-SH-HH,00+,2025,3,2025-01-19,128,89,1,0,0,4
DE-SH-HH,00+,2025,4,2025-01-26,209,92,0,1,1,0
DE-SH-HH,00+,2025,5,2025-02-02,149,90,0,0,0,0
DE-SH-HH,00+,2025,6,2025-02-09,119,69,4,0,0,0
DE-SH-HH,00+,2025,7,2025-02-16,71,68,6,0,0,0
DE-SH-HH,00+,2025,8,2025-02-23,97,65,1,1,0,0
DE-SH-HH,00+,2025,9,2025-03-02,101,38,1,0,0,0
DE-SH-HH,00+,2025,10,2025-03-09,76,39,0,0,0,0
DE-SH-HH,00+,2025,11,2025-03-16,78,33,0,0,0,0
DE-SH-HH,00+,2025,12,2025-03-23,43,26,0,0,0,0
DE-SH-HH,00+,2025,13,2025-03-30,46,32,0,1,0,0
DE-SH-HH,00+,2025,14,2025-04-06,35,22,2,0,0,0
DE-SH-HH,00+,2025,15,2025-04-13,41,23,0,0,0,0
DE-SH-HH,00+,2025,16,2025-04-20,48,0,15,0,0,0
DE-SH-HH,00+,2025,17,2025-04-27,0,39,0,0,0,0
DE-SH-HH,00+,2025,18,2025-05-04,16,16,0,0,0,0
DE-SH-HH,00+,2025,19,2025-05-11,22,14,1,0,0,0
DE-SH-HH,00+,2025,20,2025-05-18,37,20,0,0,0,0
DE-SH-HH,00+,2025,21,2025-05-25,33,19,0,0,0,0
DE-SH-HH,00+,2025,22,2025-06-01,32,12,1,0,0,0
DE-SH-HH,00+,2025,23,2025-06-08,42,11,0,0,1,0
DE-SH-HH,00+,2025,24,2025-06-15,24,26,0,0,0,0
DE-SH-HH,00+,2025,25,2025-06-22,32,26,0,0,0,0
DE-SH-HH,00+,2025,26,2025-06-29,56,28,1,0,0,0
DE-SH-HH,00+,2025,27,2025-07-06,34,31,1,0,0,0
DE-SH-HH,00+,2025,28,2025-07-13,48,21,0,0,0,0
DE-SH-HH,00+,2025,29,2025-07-20,36,19,1,0,0,0
DE-SH-HH,00+,2025,30,2025-07-27,35,22,0,0,0,0
DE-SH-HH,00+,2025,31,2025-08-03,49,36,0,1,0,0
DE-SH-HH,00+,2025,32,2025-08-10,36,49,0,0,0,0
DE-SH-HH,00+,2025,33,2025-08-17,49,36,1,0,0,0
DE-SH-HH,00+,2025,34,2025-08-24,50,34,0,0,0,0
DE-SH-HH,00+,2025,35,2025-08-31,70,72,0,0,0,0
DE-SH-HH,00+,2025,36,2025-09-07,89,65,0,1,0,
DE-SH-HH,00+,2025,37,2025-09-14,60,59,1,0,,
DE-SH-HH,00+,2025,38,2025-09-21,86,70,0,,,
DE-SH-HH,00+,2025,39,2025-09-28,108,67,,,,
DE-SH-HH,00+,2025,40,2025-10-05,150,,,,,
DE-SN,00+,2024,41,2024-10-13,515,552,14,5,0,1
DE-SN,00+,2024,42,2024-10-20,642,607,7,5,0,2
DE-SN,00+,2024,43,2024-10-27,837,789,10,3,0,6
DE-SN,00+,2024,44,2024-11-03,831,432,2,2,10,0
DE-SN,00+,2024,45,2024-11-10,731,760,4,12,0,6
DE-SN,00+,2024,46,2024-11-17,779,701,8,1,10,1
DE-SN,00+,2024,47,2024-11-24,505,779,4,12,3,2
DE-SN,00+,2024,48,2024-12-01,687,633,10,5,2,0
DE-SN,00+,2024,49,2024-12-08,586,590,3,3,1,1
DE-SN,00+,2024,50,2024-12-15,547,481,1,0,0,1
DE-SN,00+,2024,51,2024-12-22,487,401,4,2,0,4
DE-SN,00+,2024,52,2024-12-29,100,147,44,2,7,2
DE-SN,00+,2025,1,2025-01-05,0,269,1,2,0,1
DE-SN,00+,2025,2,2025-01-12,293,216,1,0,0,0
DE-SN,00+,2025,3,2025-01-19,186,154,4,0,0,0
DE-SN,00+,2025,4,2025-01-26,164,140,1,0,0,1
DE-SN,00+,2025,5,2025-02-02,145,160,1,2,2,1
DE-SN,00+,2025,6,2025-02-09,102,115,3,3,0,0
DE-SN,00+,2025,7,2025-02-16,69,135,2,0,1,0
DE-SN,00+,2025,8,2025-02-23,76,49,0,0,0,0
DE-SN,00+,2025,9,2025-03-02,81,44,0,2,0,0
DE-SN,00+,2025,10,2025-03-09,51,49,0,0,0,0
DE-SN,00+,2025,11,2025-03-16,38,31,0,0,0,1
DE-SN,00+,2025,12,2025-03-23,31,28,0,0,1,0
DE-SN,00+,2025,13,2025-03-30,36,20,0,0,0,0
DE-SN,00+,2025,14,2025-04-06,24,20,0,0,0,0
DE-SN,00+,2025,15,2025-04-13,30,20,0,0,0,0
DE-SN,00+,2025,16,2025-04-20,22,0,21,0,0,0
DE-SN,00+,2025,17,2025-04-27,0,17,0,0,1,0
DE-SN,00+,2025,18,2025-05-04,10,6,0,0,0,0
DE-SN,00+,2025,19,2025-05-11,13,12,0,0,0,0
DE-SN,00+,2025,20,2025-05-18,11,18,0,0,0,0
DE-SN,00+,2025,21,2025-05-25,24,17,0,0,0,0
DE-SN,00+,2025,22,2025-06-01,12,11,0,0,0,0
DE-SN,00+,2025,23,2025-06-08,22,22,0,0,0,0
DE-SN,00+,2025,24,2025-06-15,19,21,0,0,0,0
DE-SN,00+,2025,25,2025-06-22,32,26,0,0,0,0
DE-SN,00+,2025,26,2025-06-29,23,14,0,0,0,0
DE-SN,00+,2025,27,2025-07-06,23,18,0,0,0,0
DE-SN,00+,2025,28,2025-07-13,15,15,0,0,0,0
DE-SN,00+,2025,29,2025-07-20,20,24,0,0,0,0
DE-SN,00+,2025,30,2025-07-27,30,18,0,0,0,1
DE-SN,00+,2025,31,2025-08-03,40,28,0,0,0,0
DE-SN,00+,2025,32,2025-08-10,33,34,0,0,0,0
DE-SN,00+,2025,33,2025-08-17,51,57,0,0,0,0
DE-SN,00+,2025,34,2025-08-24,51,66,0,0,0,1
DE-SN,00+,2025,35,2025-08-31,61,82,0,0,1,0
DE-SN,00+,2025,36,2025-09-07,72,124,0,0,0,
DE-SN,00+,2025,37,2025-09-14,89,117,2,0,,
DE-SN,00+,2025,38,2025-09-21,96,105,3,,,
DE-SN,00+,2025,39,2025-09-28,141,105,,,,
DE-SN,00+,2025,40,2025-10-05,141,,,,,
DE-ST,00+,2024,41,2024-10-13,378,252,0,0,0,0
DE-ST,00+,2024,42,2024-10-20,295,430,1,0,0,2
DE-ST,00+,2024,43,2024-10-27,622,358,1,0,0,0
DE-ST,00+,2024,44,2024-11-03,550,169,1,0,0,0
DE-ST,00+,2024,45,2024-11-10,559,300,1,0,0,0
DE-ST,00+,2024,46,2024-11-17,441,358,18,1,0,0
DE-ST,00+,2024,47,2024-11-24,492,384,1,1,0,0
DE-ST,00+,2024,48,2024-12-01,347,390,0,0,0,0
DE-ST,00+,2024,49,2024-12-08,188,479,1,0,0,0
DE-ST,00+,2024,50,2024-12-15,300,236,0,0,1,0
DE-ST,00+,2024,51,2024-12-22,290,149,0,5,0,0
DE-ST,00+,2024,52,2024-12-29,44,44,17,0,0,1
DE-ST,00+,2025,1,2025-01-05,49,144,0,1,0,0
DE-ST,00+,2025,2,2025-01-12,90,61,0,0,0,0
DE-ST,00+,2025,3,2025-01-19,101,57,0,0,0,0
DE-ST,00+,2025,4,2025-01-26,113,52,0,0,0,0
DE-ST,00+,2025,5,2025-02-02,62,60,0,0,0,0
DE-ST,00+,2025,6,2025-02-09,63,33,0,0,0,0
DE-ST,00+,2025,7,2025-02-16,49,57,1,0,0,0
DE-ST,00+,2025,8,2025-02-23,70,41,2,0,0,0
DE-ST,00+,2025,9,2025-03-02,29,27,0,0,0,0
DE-ST,00+,2025,10,2025-03-09,32,16,0,0,0,0
DE-ST,00+,2025,11,2025-03-16,26,14,0,0,0,0
DE-ST,00+,2025,12,2025-03-23,23,13,0,0,0,0
DE-ST,00+,2025,13,2025-03-30,26,12,0,0,0,0
DE-ST,00+,2025,14,2025-04-06,18,5,0,0,0,0
DE-ST,00+,2025,15,2025-04-13,12,8,0,0,0,0
DE-ST,00+,2025,16,2025-04-20,10,0,7,0,0,0
DE-ST,00+,2025,17,2025-04-27,0,14,0,0,0,0
DE-ST,00+,2025,18,2025-05-04,16,2,0,0,0,0
DE-ST,00+,2025,19,2025-05-11,12,18,0,0,0,0
DE-ST,00+,2025,20,2025-05-18,14,4,0,0,0,0
DE-ST,00+,2025,21,2025-05-25,22,6,0,0,0,0
DE-ST,00+,2025,22,2025-06-01,9,8,0,0,0,0
DE-ST,00+,2025,23,2025-06-08,12,8,1,0,0,0
DE-ST,00+,2025,24,2025-06-15,6,12,1,0,0,0
DE-ST,00+,2025,25,2025-06-22,18,14,0,0,0,0
DE-ST,00+,2025,26,2025-06-29,19,9,0,0,0,0
DE-ST,00+,2025,27,2025-07-06,15,5,0,0,0,0
DE-ST,00+,2025,28,2025-07-13,19,15,0,0,0,0
DE-ST,00+,2025,29,2025-07-20,17,9,0,0,0,0
DE-ST,00+,2025,30,2025-07-27,18,11,0,0,0,0
DE-ST,00+,2025,31,2025-08-03,24,10,0,0,0,0
DE-ST,00+,2025,32,2025-08-10,18,9,0,0,0,0
DE-ST,00+,2025,33,2025-08-17,33,25,0,0,0,0
DE-ST,00+,2025,34,2025-08-24,40,28,0,0,0,0
DE-ST,00+,2025,35,2025-08-31,47,40,0,0,0,0
DE-ST,00+,2025,36,2025-09-07,48,41,0,0,0,
DE-ST,00+,2025,37,2025-09-14,49,59,0,0,,
DE-ST,00+,2025,38,2025-09-21,66,53,0,,,
DE-ST,00+,2025,39,2025-09-28,54,51,,,,
DE-ST,00+,2025,40,2025-10-05,80,,,,,
DE-TH,00+,2024,41,2024-10-13,362,231,2,0,0,0
DE-TH,00+,2024,42,2024-10-20,332,210,0,0,0,0
DE-TH,00+,2024,43,2024-10-27,385,304,13,0,0,0
DE-TH,00+,2024,44,2024-11-03,422,108,24,0,0,0
DE-TH,00+,2024,45,2024-11-10,360,210,0,0,0,0
DE-TH,00+,2024,46,2024-11-17,267,137,0,0,0,0
DE-TH,00+,2024,47,2024-11-24,306,174,0,0,0,0
DE-TH,00+,2024,48,2024-12-01,318,174,0,0,1,0
DE-TH,00+,2024,49,2024-12-08,195,118,0,0,0,0
DE-TH,00+,2024,50,2024-12-15,190,101,0,0,2,1
DE-TH,00+,2024,51,2024-12-22,144,101,0,0,0,0
DE-TH,00+,2024,52,2024-12-29,58,68,0,0,0,0
DE-TH,00+,2025,1,2025-01-05,33,95,0,0,0,0
DE-TH,00+,2025,2,2025-01-12,105,37,0,0,0,0
DE-TH,00+,2025,3,2025-01-19,63,38,0,0,0,0
DE-TH,00+,2025,4,2025-01-26,68,37,0,0,0,0
DE-TH,00+,2025,5,2025-02-02,48,42,0,0,0,0
DE-TH,00+,2025,6,2025-02-09,36,32,1,0,0,0
DE-TH,00+,2025,7,2025-02-16,41,40,0,0,0,0
DE-TH,00+,2025,8,2025-02-23,42,15,0,0,0,0
DE-TH,00+,2025,9,2025-03-02,20,11,0,0,0,0
DE-TH,00+,2025,10,2025-03-09,19,8,0,0,0,0
DE-TH,00+,2025,11,2025-03-16,19,18,0,0,0,0
DE-TH,00+,2025,12,2025-03-23,18,13,0,0,0,0
DE-TH,00+,2025,13,2025-03-30,17,14,1,0,0,0
DE-TH,00+,2025,14,2025-04-06,20,15,0,0,0,0
DE-TH,00+,2025,15,2025-04-13,10,9,0,0,0,0
DE-TH,00+,2025,16,2025-04-20,9,0,5,0,0,0
DE-TH,00+,2025,17,2025-04-27,0,8,0,0,0,0
DE-TH,00+,2025,18,2025-05-04,10,3,0,0,0,0
DE-TH,00+,2025,19,2025-05-11,6,2,0,0,0,0
DE-TH,00+,2025,20,2025-05-18,6,5,0,0,0,0
DE-TH,00+,2025,21,2025-05-25,5,4,0,0,0,0
DE-TH,00+,2025,22,2025-06-01,9,1,0,0,0,0
DE-TH,00+,2025,23,2025-06-08,13,6,0,0,0,0
DE-TH,00+,2025,24,2025-06-15,6,9,0,0,0,0
DE-TH,00+,2025,25,2025-06-22,6,3,0,0,0,0
DE-TH,00+,2025,26,2025-06-29,7,0,0,0,0,0
DE-TH,00+,2025,27,2025-07-06,7,5,0,0,0,0
DE-TH,00+,2025,28,2025-07-13,6,5,0,0,0,0
DE-TH,00+,2025,29,2025-07-20,6,5,0,0,0,0
DE-TH,00+,2025,30,2025-07-27,6,5,0,0,0,0
DE-TH,00+,2025,31,2025-08-03,8,4,0,0,0,0
DE-TH,00+,2025,32,2025-08-10,9,4,0,0,0,0
DE-TH,00+,2025,33,2025-08-17,14,12,0,0,0,0
DE-TH,00+,2025,34,2025-08-24,22,17,0,0,0,0
DE-TH,00+,2025,35,2025-08-31,25,14,0,0,0,0
DE-TH,00+,2025,36,2025-09-07,25,15,0,0,0,
DE-TH,00+,2025,37,2025-09-14,46,19,0,0,,
DE-TH,00+,2025,38,2025-09-21,34,17,0,,,
DE-TH,00+,2025,39,2025-09-28,35,44,,,,
DE-TH,00+,2025,40,2025-10-05,81,,,,,
