location,age_group,year,week,date,value_0w,value_1w,value_2w,value_3w,value_4w
DE,00+,2023,36,2023-09-10,960,-23.0,3.0,5.0,-22.0
DE,00+,2023,37,2023-09-17,1020,47.0,-8.0,5.0,-11.0
DE,00+,2023,38,2023-09-24,1149,-8.0,9.0,3.0,-26.0
DE,00+,2023,39,2023-10-01,1276,34.0,21.0,20.0,-6.0
DE,00+,2023,40,2023-10-08,1129,-30.0,4.0,6.0,-11.0
DE,00+,2023,41,2023-10-15,1569,-2.0,-12.0,0.0,-26.0
DE,00+,2023,42,2023-10-22,1687,-73.0,-22.0,-16.0,-17.0
DE,00+,2023,43,2023-10-29,1686,-46.0,5.0,27.0,-29.0
DE,00+,2023,44,2023-11-05,1562,-66.0,-5.0,14.0,-25.0
DE,00+,2023,45,2023-11-12,1755,55.0,40.0,-3.0,-40.0
DE,00+,2023,46,2023-11-19,1897,66.0,-4.0,-20.0,-14.0
DE,00+,2023,47,2023-11-26,2035,43.0,0.0,7.0,0.0
DE,00+,2023,48,2023-12-03,2030,25.0,32.0,0.0,-5.0
DE,00+,2023,49,2023-12-10,2260,81.0,0.0,8.0,-22.0
DE,00+,2023,50,2023-12-17,2537,0.0,41.0,8.0,-47.0
DE,00+,2023,51,2023-12-24,0,2266.0,48.0,-27.0,-48.0
DE,00+,2023,52,2023-12-31,1257,-230.0,-44.0,-18.0,-2.0
DE,00+,2024,1,2024-01-07,1815,-127.0,-27.0,-3.0,0.0
DE,00+,2024,2,2024-01-14,1666,-19.0,14.0,4.0,-24.0
DE,00+,2024,3,2024-01-21,1707,56.0,0.0,11.0,-3.0
DE,00+,2024,4,2024-01-28,1992,34.0,9.0,25.0,-20.0
DE,00+,2024,5,2024-02-04,2095,43.0,39.0,10.0,-12.0
DE,00+,2024,6,2024-02-11,1940,124.0,17.0,8.0,-11.0
DE,00+,2024,7,2024-02-18,1788,6.0,-16.0,7.0,-9.0
DE,00+,2024,8,2024-02-25,1778,29.0,10.0,-9.0,-3.0
DE,00+,2024,9,2024-03-03,1482,57.0,7.0,4.0,-9.0
DE,00+,2024,10,2024-03-10,1415,19.0,7.0,-2.0,-13.0
DE,00+,2024,11,2024-03-17,1398,41.0,7.0,2.0,-14.0
DE,00+,2024,12,2024-03-24,1372,0.0,0.0,2.0,-2.0
DE,00+,2024,13,2024-03-31,1055,-30.0,7.0,3.0,-12.0
DE,00+,2024,14,2024-04-07,1194,-23.0,-23.0,-6.0,-10.0
DE,00+,2024,15,2024-04-14,1129,32.0,9.0,-1.0,0.0
DE,00+,2024,16,2024-04-21,1086,57.0,5.0,1.0,-7.0
DE,00+,2024,17,2024-04-28,1251,48.0,4.0,3.0,-35.0
DE,00+,2024,18,2024-05-05,975,14.0,8.0,5.0,-6.0
DE,00+,2024,19,2024-05-12,807,10.0,12.0,3.0,-11.0
DE,00+,2024,20,2024-05-19,1047,43.0,2.0,7.0,-15.0
DE,00+,2024,21,2024-05-26,869,-21.0,-5.0,-9.0,-3.0
DE,00+,2024,22,2024-06-02,773,3.0,-9.0,-6.0,-2.0
DE,00+,2024,23,2024-06-09,911,7.0,14.0,-3.0,-24.0
DE,00+,2024,24,2024-06-16,981,41.0,-7.0,15.0,-6.0
DE,00+,2024,25,2024-06-23,1019,12.0,-2.0,-3.0,-13.0
DE,00+,2024,26,2024-06-30,969,-4.0,-6.0,2.0,-6.0
DE,00+,2024,27,2024-07-07,980,54.0,7.0,-2.0,4.0
DE,00+,2024,28,2024-07-14,944,56.0,-7.0,-14.0,-8.0
DE,00+,2024,29,2024-07-21,926,3.0,-29.0,-28.0,-17.0
DE,00+,2024,30,2024-07-28,797,-6.0,-34.0,-12.0,-8.0
DE,00+,2024,31,2024-08-04,777,-27.0,-39.0,-10.0,-17.0
DE,00+,2024,32,2024-08-11,787,-32.0,-46.0,-5.0,-5.0
DE,00+,2024,33,2024-08-18,720,6.0,0.0,-25.0,-9.0
DE,00+,2024,34,2024-08-25,862,10.0,-36.0,-24.0,-8.0
DE,00+,2024,35,2024-09-01,894,-3.0,-19.0,-6.0,-18.0
DE,00+,2024,36,2024-09-08,918,28.0,-26.0,1.0,0.0
DE,00+,2024,37,2024-09-15,1120,-4.0,-20.0,1.0,
DE,00+,2024,38,2024-09-22,1528,-11.0,-16.0,,
DE,00+,2024,39,2024-09-29,1478,46.0,,,
DE,00+,2024,40,2024-10-06,1330,,,,
DE,00-04,2023,36,2023-09-10,2873,45.0,-1.0,10.0,-49.0
DE,00-04,2023,37,2023-09-17,3222,119.0,-68.0,36.0,-20.0
DE,00-04,2023,38,2023-09-24,3496,-8.0,49.0,111.0,-92.0
DE,00-04,2023,39,2023-10-01,3791,81.0,205.0,44.0,37.0
DE,00-04,2023,40,2023-10-08,3266,51.0,5.0,25.0,-25.0
DE,00-04,2023,41,2023-10-15,3939,159.0,15.0,-10.0,-24.0
DE,00-04,2023,42,2023-10-22,4420,29.0,19.0,-113.0,-54.0
DE,00-04,2023,43,2023-10-29,4560,-80.0,79.0,19.0,-19.0
DE,00-04,2023,44,2023-11-05,4110,-322.0,-35.0,-7.0,-27.0
DE,00-04,2023,45,2023-11-12,4107,262.0,142.0,26.0,44.0
DE,00-04,2023,46,2023-11-19,4415,311.0,41.0,71.0,4.0
DE,00-04,2023,47,2023-11-26,5156,246.0,124.0,-15.0,0.0
DE,00-04,2023,48,2023-12-03,5221,379.0,82.0,0.0,4.0
DE,00-04,2023,49,2023-12-10,5796,139.0,0.0,110.0,-101.0
DE,00-04,2023,50,2023-12-17,6337,0.0,155.0,92.0,-349.0
DE,00-04,2023,51,2023-12-24,0,6734.0,443.0,-146.0,-219.0
DE,00-04,2023,52,2023-12-31,4303,-393.0,-67.0,-11.0,26.0
DE,00-04,2024,1,2024-01-07,4526,-714.0,-57.0,65.0,-25.0
DE,00-04,2024,2,2024-01-14,4105,-36.0,95.0,40.0,-7.0
DE,00-04,2024,3,2024-01-21,5556,247.0,24.0,45.0,-3.0
DE,00-04,2024,4,2024-01-28,7016,-139.0,38.0,16.0,38.0
DE,00-04,2024,5,2024-02-04,6725,308.0,83.0,29.0,-58.0
DE,00-04,2024,6,2024-02-11,6551,462.0,24.0,31.0,-8.0
DE,00-04,2024,7,2024-02-18,5833,180.0,-80.0,98.0,-2.0
DE,00-04,2024,8,2024-02-25,5395,145.0,162.0,-16.0,0.0
DE,00-04,2024,9,2024-03-03,4790,400.0,9.0,7.0,-35.0
DE,00-04,2024,10,2024-03-10,5044,-98.0,17.0,-40.0,-43.0
DE,00-04,2024,11,2024-03-17,4728,73.0,-38.0,-2.0,-28.0
DE,00-04,2024,12,2024-03-24,4887,-136.0,154.0,49.0,0.0
DE,00-04,2024,13,2024-03-31,4068,-119.0,74.0,22.0,-84.0
DE,00-04,2024,14,2024-04-07,3906,98.0,69.0,-98.0,0.0
DE,00-04,2024,15,2024-04-14,3924,190.0,36.0,2.0,0.0
DE,00-04,2024,16,2024-04-21,4151,224.0,0.0,3.0,0.0
DE,00-04,2024,17,2024-04-28,4596,346.0,11.0,45.0,-10.0
DE,00-04,2024,18,2024-05-05,3884,33.0,-34.0,21.0,-39.0
DE,00-04,2024,19,2024-05-12,2692,67.0,86.0,116.0,-27.0
DE,00-04,2024,20,2024-05-19,3515,430.0,0.0,38.0,-50.0
DE,00-04,2024,21,2024-05-26,2840,-38.0,-51.0,41.0,-12.0
DE,00-04,2024,22,2024-06-02,3049,-205.0,-35.0,-24.0,2.0
DE,00-04,2024,23,2024-06-09,2977,30.0,40.0,-31.0,0.0
DE,00-04,2024,24,2024-06-16,3191,192.0,-50.0,-25.0,-9.0
DE,00-04,2024,25,2024-06-23,3252,-11.0,-46.0,4.0,-48.0
DE,00-04,2024,26,2024-06-30,3057,41.0,6.0,-26.0,-19.0
DE,00-04,2024,27,2024-07-07,3171,166.0,53.0,-15.0,-36.0
DE,00-04,2024,28,2024-07-14,2747,168.0,-40.0,-37.0,-21.0
DE,00-04,2024,29,2024-07-21,2900,-12.0,-78.0,-118.0,-35.0
DE,00-04,2024,30,2024-07-28,2562,-23.0,-109.0,-42.0,-45.0
DE,00-04,2024,31,2024-08-04,2494,-136.0,-119.0,-25.0,-64.0
DE,00-04,2024,32,2024-08-11,2132,-12.0,-113.0,-10.0,5.0
DE,00-04,2024,33,2024-08-18,2245,77.0,-230.0,-118.0,13.0
DE,00-04,2024,34,2024-08-25,2411,-30.0,-60.0,-23.0,0.0
DE,00-04,2024,35,2024-09-01,2381,-121.0,63.0,3.0,-31.0
DE,00-04,2024,36,2024-09-08,2588,121.0,-75.0,-7.0,1.0
DE,00-04,2024,37,2024-09-15,3010,-40.0,6.0,-2.0,
DE,00-04,2024,38,2024-09-22,3574,211.0,-14.0,,
DE,00-04,2024,39,2024-09-29,3850,151.0,,,
DE,00-04,2024,40,2024-10-06,3151,,,,
DE,05-14,2023,36,2023-09-10,1273,25.0,13.0,0.0,-29.0
DE,05-14,2023,37,2023-09-17,1494,83.0,-30.0,4.0,-1.0
DE,05-14,2023,38,2023-09-24,1623,-11.0,14.0,42.0,-46.0
DE,05-14,2023,39,2023-10-01,1791,94.0,94.0,21.0,1.0
DE,05-14,2023,40,2023-10-08,1253,35.0,14.0,10.0,-6.0
DE,05-14,2023,41,2023-10-15,1549,132.0,-1.0,-7.0,-11.0
DE,05-14,2023,42,2023-10-22,1743,23.0,7.0,-38.0,-18.0
DE,05-14,2023,43,2023-10-29,1791,-22.0,32.0,14.0,-10.0
DE,05-14,2023,44,2023-11-05,1797,-131.0,-5.0,-6.0,-9.0
DE,05-14,2023,45,2023-11-12,2014,144.0,16.0,16.0,-4.0
DE,05-14,2023,46,2023-11-19,2214,73.0,12.0,24.0,-1.0
DE,05-14,2023,47,2023-11-26,2549,42.0,66.0,-6.0,0.0
DE,05-14,2023,48,2023-12-03,2395,141.0,58.0,0.0,10.0
DE,05-14,2023,49,2023-12-10,2694,46.0,0.0,34.0,-47.0
DE,05-14,2023,50,2023-12-17,3074,0.0,19.0,53.0,-168.0
DE,05-14,2023,51,2023-12-24,0,2906.0,200.0,-26.0,-77.0
DE,05-14,2023,52,2023-12-31,1305,-155.0,-43.0,3.0,8.0
DE,05-14,2024,1,2024-01-07,1709,-256.0,-12.0,21.0,-3.0
DE,05-14,2024,2,2024-01-14,2000,-32.0,57.0,25.0,-16.0
DE,05-14,2024,3,2024-01-21,2678,113.0,-28.0,-1.0,-3.0
DE,05-14,2024,4,2024-01-28,3474,52.0,-1.0,17.0,-13.0
DE,05-14,2024,5,2024-02-04,3489,189.0,25.0,7.0,-29.0
DE,05-14,2024,6,2024-02-11,3175,209.0,-26.0,5.0,-8.0
DE,05-14,2024,7,2024-02-18,2551,48.0,-32.0,53.0,-7.0
DE,05-14,2024,8,2024-02-25,2653,44.0,47.0,-6.0,0.0
DE,05-14,2024,9,2024-03-03,2483,200.0,12.0,0.0,-14.0
DE,05-14,2024,10,2024-03-10,2577,17.0,23.0,-10.0,-18.0
DE,05-14,2024,11,2024-03-17,2527,63.0,-20.0,17.0,-15.0
DE,05-14,2024,12,2024-03-24,2553,0.0,99.0,13.0,-1.0
DE,05-14,2024,13,2024-03-31,1608,23.0,6.0,11.0,-30.0
DE,05-14,2024,14,2024-04-07,1417,35.0,-10.0,-35.0,-4.0
DE,05-14,2024,15,2024-04-14,1766,15.0,44.0,6.0,1.0
DE,05-14,2024,16,2024-04-21,2001,122.0,-2.0,10.0,-2.0
DE,05-14,2024,17,2024-04-28,2261,138.0,22.0,36.0,-104.0
DE,05-14,2024,18,2024-05-05,1894,48.0,-3.0,-47.0,-20.0
DE,05-14,2024,19,2024-05-12,1459,36.0,-23.0,53.0,-16.0
DE,05-14,2024,20,2024-05-19,1769,116.0,10.0,10.0,-26.0
DE,05-14,2024,21,2024-05-26,1168,8.0,-30.0,10.0,-3.0
DE,05-14,2024,22,2024-06-02,1298,-74.0,6.0,-5.0,-1.0
DE,05-14,2024,23,2024-06-09,1506,51.0,12.0,-7.0,-5.0
DE,05-14,2024,24,2024-06-16,1694,115.0,-18.0,16.0,-5.0
DE,05-14,2024,25,2024-06-23,1753,28.0,-18.0,8.0,-38.0
DE,05-14,2024,26,2024-06-30,1478,60.0,-11.0,0.0,-9.0
DE,05-14,2024,27,2024-07-07,1529,138.0,0.0,-10.0,-17.0
DE,05-14,2024,28,2024-07-14,1330,68.0,-4.0,-13.0,-10.0
DE,05-14,2024,29,2024-07-21,1212,15.0,-10.0,-31.0,-13.0
DE,05-14,2024,30,2024-07-28,1141,-2.0,-41.0,-15.0,-21.0
DE,05-14,2024,31,2024-08-04,1085,-49.0,-28.0,-17.0,-26.0
DE,05-14,2024,32,2024-08-11,1022,-21.0,-54.0,-15.0,-3.0
DE,05-14,2024,33,2024-08-18,1064,2.0,-69.0,-41.0,-7.0
DE,05-14,2024,34,2024-08-25,1233,34.0,-33.0,-1.0,-2.0
DE,05-14,2024,35,2024-09-01,1196,-26.0,23.0,-5.0,-19.0
DE,05-14,2024,36,2024-09-08,1456,36.0,-64.0,3.0,-1.0
DE,05-14,2024,37,2024-09-15,1736,-25.0,17.0,7.0,
DE,05-14,2024,38,2024-09-22,2049,103.0,0.0,,
DE,05-14,2024,39,2024-09-29,2037,103.0,,,
DE,05-14,2024,40,2024-10-06,1551,,,,
DE,15-34,2023,36,2023-09-10,1356,-44.0,14.0,20.0,-31.0
DE,15-34,2023,37,2023-09-17,1397,77.0,-4.0,-2.0,-16.0
DE,15-34,2023,38,2023-09-24,1536,-7.0,17.0,-2.0,-32.0
DE,15-34,2023,39,2023-10-01,1785,48.0,17.0,48.0,-14.0
DE,15-34,2023,40,2023-10-08,1499,-36.0,12.0,6.0,-15.0
DE,15-34,2023,41,2023-10-15,2180,-33.0,-21.0,4.0,-44.0
DE,15-34,2023,42,2023-10-22,2237,-91.0,-24.0,-18.0,-22.0
DE,15-34,2023,43,2023-10-29,2172,-56.0,-6.0,44.0,-43.0
DE,15-34,2023,44,2023-11-05,1884,-37.0,4.0,37.0,-35.0
DE,15-34,2023,45,2023-11-12,2243,52.0,39.0,-11.0,-62.0
DE,15-34,2023,46,2023-11-19,2407,59.0,-7.0,-41.0,-23.0
DE,15-34,2023,47,2023-11-26,2507,52.0,-16.0,5.0,0.0
DE,15-34,2023,48,2023-12-03,2507,-34.0,47.0,0.0,-11.0
DE,15-34,2023,49,2023-12-10,2768,106.0,0.0,4.0,-22.0
DE,15-34,2023,50,2023-12-17,2887,0.0,35.0,-22.0,-34.0
DE,15-34,2023,51,2023-12-24,0,2525.0,25.0,-19.0,-46.0
DE,15-34,2023,52,2023-12-31,1217,-244.0,-44.0,-28.0,-4.0
DE,15-34,2024,1,2024-01-07,2100,-138.0,-35.0,-13.0,0.0
DE,15-34,2024,2,2024-01-14,1985,-24.0,23.0,5.0,-38.0
DE,15-34,2024,3,2024-01-21,1968,67.0,8.0,3.0,-3.0
DE,15-34,2024,4,2024-01-28,2084,64.0,12.0,27.0,-26.0
DE,15-34,2024,5,2024-02-04,2282,1.0,41.0,12.0,-17.0
DE,15-34,2024,6,2024-02-11,2006,158.0,37.0,0.0,-14.0
DE,15-34,2024,7,2024-02-18,2040,-8.0,-18.0,-1.0,-13.0
DE,15-34,2024,8,2024-02-25,2131,41.0,0.0,-16.0,-5.0
DE,15-34,2024,9,2024-03-03,1780,49.0,3.0,8.0,-9.0
DE,15-34,2024,10,2024-03-10,1655,32.0,4.0,-2.0,-15.0
DE,15-34,2024,11,2024-03-17,1700,72.0,6.0,3.0,-21.0
DE,15-34,2024,12,2024-03-24,1679,12.0,-26.0,5.0,-6.0
DE,15-34,2024,13,2024-03-31,1237,-39.0,6.0,-1.0,-10.0
DE,15-34,2024,14,2024-04-07,1442,-16.0,-44.0,0.0,-15.0
DE,15-34,2024,15,2024-04-14,1394,20.0,6.0,-3.0,0.0
DE,15-34,2024,16,2024-04-21,1226,72.0,8.0,-4.0,-10.0
DE,15-34,2024,17,2024-04-28,1535,28.0,8.0,-1.0,-52.0
DE,15-34,2024,18,2024-05-05,1113,19.0,30.0,10.0,-5.0
DE,15-34,2024,19,2024-05-12,987,8.0,20.0,-13.0,-15.0
DE,15-34,2024,20,2024-05-19,1311,40.0,-4.0,0.0,-16.0
DE,15-34,2024,21,2024-05-26,1096,-40.0,1.0,-15.0,-3.0
DE,15-34,2024,22,2024-06-02,919,34.0,-12.0,-7.0,-4.0
DE,15-34,2024,23,2024-06-09,1160,32.0,10.0,1.0,-42.0
DE,15-34,2024,24,2024-06-16,1277,27.0,-5.0,34.0,-10.0
DE,15-34,2024,25,2024-06-23,1279,22.0,10.0,-7.0,-14.0
DE,15-34,2024,26,2024-06-30,1184,-6.0,-12.0,10.0,-7.0
DE,15-34,2024,27,2024-07-07,1201,37.0,10.0,-2.0,10.0
DE,15-34,2024,28,2024-07-14,1195,88.0,1.0,-17.0,-8.0
DE,15-34,2024,29,2024-07-21,1165,3.0,-37.0,-35.0,-21.0
DE,15-34,2024,30,2024-07-28,973,4.0,-32.0,-2.0,-7.0
DE,15-34,2024,31,2024-08-04,972,-10.0,-56.0,-13.0,-17.0
DE,15-34,2024,32,2024-08-11,1082,-52.0,-68.0,-9.0,-10.0
DE,15-34,2024,33,2024-08-18,898,-4.0,30.0,-33.0,-10.0
DE,15-34,2024,34,2024-08-25,1208,19.0,-62.0,-47.0,-14.0
DE,15-34,2024,35,2024-09-01,1173,11.0,-22.0,-15.0,-26.0
DE,15-34,2024,36,2024-09-08,1196,37.0,-33.0,5.0,-1.0
DE,15-34,2024,37,2024-09-15,1541,-19.0,-29.0,-5.0,
DE,15-34,2024,38,2024-09-22,2038,-6.0,-35.0,,
DE,15-34,2024,39,2024-09-29,1988,54.0,,,
DE,15-34,2024,40,2024-10-06,1860,,,,
DE,35-59,2023,36,2023-09-10,898,-48.0,-4.0,0.0,-21.0
DE,35-59,2023,37,2023-09-17,922,14.0,1.0,14.0,-13.0
DE,35-59,2023,38,2023-09-24,1062,-6.0,4.0,-9.0,-22.0
DE,35-59,2023,39,2023-10-01,1183,18.0,-5.0,5.0,-11.0
DE,35-59,2023,40,2023-10-08,1086,-42.0,-10.0,1.0,-9.0
DE,35-59,2023,41,2023-10-15,1591,-29.0,-17.0,0.0,-30.0
DE,35-59,2023,42,2023-10-22,1748,-124.0,-36.0,-5.0,-17.0
DE,35-59,2023,43,2023-10-29,1767,-53.0,2.0,32.0,-37.0
DE,35-59,2023,44,2023-11-05,1708,-70.0,-9.0,18.0,-34.0
DE,35-59,2023,45,2023-11-12,1878,44.0,51.0,-9.0,-61.0
DE,35-59,2023,46,2023-11-19,2101,66.0,-14.0,-41.0,-20.0
DE,35-59,2023,47,2023-11-26,2235,39.0,-25.0,5.0,0.0
DE,35-59,2023,48,2023-12-03,2251,-3.0,20.0,0.0,-7.0
DE,35-59,2023,49,2023-12-10,2520,89.0,0.0,1.0,-19.0
DE,35-59,2023,50,2023-12-17,2867,0.0,64.0,8.0,-12.0
DE,35-59,2023,51,2023-12-24,0,2421.0,7.0,-28.0,-46.0
DE,35-59,2023,52,2023-12-31,1395,-308.0,-47.0,-31.0,-6.0
DE,35-59,2024,1,2024-01-07,2085,-94.0,-40.0,-14.0,5.0
DE,35-59,2024,2,2024-01-14,1762,-11.0,-9.0,-3.0,-30.0
DE,35-59,2024,3,2024-01-21,1679,24.0,3.0,20.0,-6.0
DE,35-59,2024,4,2024-01-28,1945,46.0,17.0,35.0,-32.0
DE,35-59,2024,5,2024-02-04,2136,11.0,50.0,11.0,-6.0
DE,35-59,2024,6,2024-02-11,1993,105.0,16.0,9.0,-14.0
DE,35-59,2024,7,2024-02-18,1820,-6.0,-13.0,-6.0,-12.0
DE,35-59,2024,8,2024-02-25,1734,29.0,-8.0,-8.0,-6.0
DE,35-59,2024,9,2024-03-03,1386,8.0,5.0,4.0,-11.0
DE,35-59,2024,10,2024-03-10,1256,23.0,2.0,5.0,-13.0
DE,35-59,2024,11,2024-03-17,1216,35.0,22.0,-3.0,-13.0
DE,35-59,2024,12,2024-03-24,1147,7.0,-26.0,-10.0,-2.0
DE,35-59,2024,13,2024-03-31,904,-32.0,-6.0,8.0,-7.0
DE,35-59,2024,14,2024-04-07,1130,-56.0,-32.0,4.0,-12.0
DE,35-59,2024,15,2024-04-14,951,31.0,0.0,-3.0,-2.0
DE,35-59,2024,16,2024-04-21,859,37.0,15.0,-2.0,-7.0
DE,35-59,2024,17,2024-04-28,1020,30.0,-1.0,-5.0,-26.0
DE,35-59,2024,18,2024-05-05,752,6.0,7.0,8.0,-2.0
DE,35-59,2024,19,2024-05-12,660,-7.0,14.0,-10.0,-10.0
DE,35-59,2024,20,2024-05-19,859,4.0,5.0,10.0,-15.0
DE,35-59,2024,21,2024-05-26,787,-23.0,2.0,-16.0,-3.0
DE,35-59,2024,22,2024-06-02,613,21.0,-8.0,-8.0,-3.0
DE,35-59,2024,23,2024-06-09,787,-20.0,6.0,-3.0,-28.0
DE,35-59,2024,24,2024-06-16,837,29.0,-1.0,11.0,-8.0
DE,35-59,2024,25,2024-06-23,886,10.0,5.0,-3.0,-9.0
DE,35-59,2024,26,2024-06-30,861,-20.0,-2.0,0.0,-5.0
DE,35-59,2024,27,2024-07-07,884,39.0,7.0,1.0,15.0
DE,35-59,2024,28,2024-07-14,914,47.0,-12.0,-18.0,-7.0
DE,35-59,2024,29,2024-07-21,902,-18.0,-33.0,-27.0,-16.0
DE,35-59,2024,30,2024-07-28,723,-18.0,-28.0,-11.0,-5.0
DE,35-59,2024,31,2024-08-04,712,-17.0,-42.0,-7.0,-15.0
DE,35-59,2024,32,2024-08-11,735,-39.0,-45.0,-4.0,-5.0
DE,35-59,2024,33,2024-08-18,672,1.0,24.0,-18.0,-13.0
DE,35-59,2024,34,2024-08-25,773,15.0,-38.0,-26.0,-9.0
DE,35-59,2024,35,2024-09-01,915,-9.0,-42.0,-10.0,-21.0
DE,35-59,2024,36,2024-09-08,853,18.0,-18.0,-1.0,0.0
DE,35-59,2024,37,2024-09-15,1065,2.0,-34.0,-3.0,
DE,35-59,2024,38,2024-09-22,1588,-60.0,-19.0,,
DE,35-59,2024,39,2024-09-29,1455,48.0,,,
DE,35-59,2024,40,2024-10-06,1378,,,,
DE,60+,2023,36,2023-09-10,321,-5.0,-1.0,-1.0,-8.0
DE,60+,2023,37,2023-09-17,337,41.0,-5.0,-6.0,-5.0
DE,60+,2023,38,2023-09-24,424,-11.0,-2.0,-9.0,-7.0
DE,60+,2023,39,2023-10-01,423,16.0,1.0,9.0,-3.0
DE,60+,2023,40,2023-10-08,508,-45.0,12.0,5.0,-7.0
DE,60+,2023,41,2023-10-15,693,-14.0,-7.0,1.0,-13.0
DE,60+,2023,42,2023-10-22,730,-44.0,-21.0,-4.0,-6.0
DE,60+,2023,43,2023-10-29,719,-34.0,-5.0,16.0,-16.0
DE,60+,2023,44,2023-11-05,656,-20.0,-5.0,3.0,-11.0
DE,60+,2023,45,2023-11-12,774,8.0,17.0,2.0,-25.0
DE,60+,2023,46,2023-11-19,760,28.0,-1.0,-10.0,-7.0
DE,60+,2023,47,2023-11-26,770,8.0,2.0,19.0,0.0
DE,60+,2023,48,2023-12-03,772,8.0,19.0,0.0,-2.0
DE,60+,2023,49,2023-12-10,855,54.0,0.0,-3.0,-6.0
DE,60+,2023,50,2023-12-17,1099,0.0,7.0,1.0,-8.0
DE,60+,2023,51,2023-12-24,0,958.0,3.0,-13.0,-17.0
DE,60+,2023,52,2023-12-31,616,-126.0,-35.0,-6.0,-2.0
DE,60+,2024,1,2024-01-07,872,-20.0,-4.0,-3.0,1.0
DE,60+,2024,2,2024-01-14,806,-17.0,10.0,-1.0,-11.0
DE,60+,2024,3,2024-01-21,607,37.0,-4.0,5.0,0.0
DE,60+,2024,4,2024-01-28,694,22.0,-3.0,12.0,-11.0
DE,60+,2024,5,2024-02-04,715,22.0,24.0,4.0,-3.0
DE,60+,2024,6,2024-02-11,691,37.0,17.0,9.0,-4.0
DE,60+,2024,7,2024-02-18,660,-11.0,0.0,-2.0,-5.0
DE,60+,2024,8,2024-02-25,695,-2.0,1.0,-3.0,-1.0
DE,60+,2024,9,2024-03-03,512,22.0,11.0,0.0,-2.0
DE,60+,2024,10,2024-03-10,461,25.0,7.0,-1.0,-4.0
DE,60+,2024,11,2024-03-17,482,14.0,6.0,2.0,-7.0
DE,60+,2024,12,2024-03-24,458,3.0,-5.0,2.0,0.0
DE,60+,2024,13,2024-03-31,428,-22.0,10.0,-3.0,-4.0
DE,60+,2024,14,2024-04-07,565,-27.0,-14.0,-1.0,-4.0
DE,60+,2024,15,2024-04-14,479,20.0,7.0,0.0,4.0
DE,60+,2024,16,2024-04-21,456,22.0,-5.0,3.0,-4.0
DE,60+,2024,17,2024-04-28,441,9.0,-2.0,-2.0,-16.0
DE,60+,2024,18,2024-05-05,369,4.0,5.0,6.0,-1.0
DE,60+,2024,19,2024-05-12,329,12.0,2.0,-4.0,-5.0
DE,60+,2024,20,2024-05-19,434,4.0,0.0,5.0,-6.0
DE,60+,2024,21,2024-05-26,377,-11.0,-3.0,-9.0,-1.0
DE,60+,2024,22,2024-06-02,313,15.0,-7.0,-2.0,-1.0
DE,60+,2024,23,2024-06-09,340,3.0,22.0,-1.0,-15.0
DE,60+,2024,24,2024-06-16,336,18.0,-3.0,11.0,-3.0
DE,60+,2024,25,2024-06-23,380,5.0,-9.0,-2.0,-5.0
DE,60+,2024,26,2024-06-30,431,-12.0,-5.0,0.0,-3.0
DE,60+,2024,27,2024-07-07,393,40.0,0.0,-2.0,2.0
DE,60+,2024,28,2024-07-14,374,20.0,-2.0,-7.0,-3.0
DE,60+,2024,29,2024-07-21,363,24.0,-14.0,-12.0,-10.0
DE,60+,2024,30,2024-07-28,354,0.0,-28.0,-14.0,-1.0
DE,60+,2024,31,2024-08-04,330,-29.0,-13.0,-7.0,-7.0
DE,60+,2024,32,2024-08-11,328,-14.0,-16.0,1.0,-2.0
DE,60+,2024,33,2024-08-18,286,7.0,8.0,-8.0,-5.0
DE,60+,2024,34,2024-08-25,330,-2.0,-10.0,-13.0,-4.0
DE,60+,2024,35,2024-09-01,319,20.0,-15.0,2.0,-4.0
DE,60+,2024,36,2024-09-08,338,18.0,-10.0,-2.0,3.0
DE,60+,2024,37,2024-09-15,360,15.0,-14.0,8.0,
DE,60+,2024,38,2024-09-22,575,-32.0,-5.0,,
DE,60+,2024,39,2024-09-29,555,2.0,,,
DE,60+,2024,40,2024-10-06,505,,,,
DE-BB-BE,00+,2023,36,2023-09-10,2072,-53.0,-31.0,78.0,54.0
DE-BB-BE,00+,2023,37,2023-09-17,1811,615.0,125.0,41.0,0.0
DE-BB-BE,00+,2023,38,2023-09-24,2928,-79.0,-1.0,-87.0,0.0
DE-BB-BE,00+,2023,39,2023-10-01,2600,90.0,-21.0,-1.0,0.0
DE-BB-BE,00+,2023,40,2023-10-08,2443,12.0,-137.0,0.0,-112.0
DE-BB-BE,00+,2023,41,2023-10-15,3635,-135.0,27.0,-81.0,-53.0
DE-BB-BE,00+,2023,42,2023-10-22,3121,38.0,-43.0,-8.0,-56.0
DE-BB-BE,00+,2023,43,2023-10-29,3928,-187.0,-16.0,50.0,0.0
DE-BB-BE,00+,2023,44,2023-11-05,3452,-296.0,-249.0,15.0,-144.0
DE-BB-BE,00+,2023,45,2023-11-12,3608,98.0,146.0,196.0,-77.0
DE-BB-BE,00+,2023,46,2023-11-19,4284,-92.0,168.0,-229.0,0.0
DE-BB-BE,00+,2023,47,2023-11-26,4411,339.0,1.0,172.0,0.0
DE-BB-BE,00+,2023,48,2023-12-03,4892,-250.0,22.0,0.0,1.0
DE-BB-BE,00+,2023,49,2023-12-10,5509,55.0,0.0,17.0,-122.0
DE-BB-BE,00+,2023,50,2023-12-17,5958,0.0,-176.0,183.0,0.0
DE-BB-BE,00+,2023,51,2023-12-24,0,3986.0,661.0,-94.0,-82.0
DE-BB-BE,00+,2023,52,2023-12-31,2224,-764.0,-94.0,-83.0,0.0
DE-BB-BE,00+,2024,1,2024-01-07,3140,-75.0,131.0,10.0,0.0
DE-BB-BE,00+,2024,2,2024-01-14,2754,37.0,86.0,4.0,-57.0
DE-BB-BE,00+,2024,3,2024-01-21,3005,-53.0,27.0,41.0,0.0
DE-BB-BE,00+,2024,4,2024-01-28,3761,-297.0,-89.0,2.0,0.0
DE-BB-BE,00+,2024,5,2024-02-04,2688,445.0,181.0,39.0,0.0
DE-BB-BE,00+,2024,6,2024-02-11,3743,-520.0,-183.0,0.0,0.0
DE-BB-BE,00+,2024,7,2024-02-18,3283,-344.0,3.0,0.0,0.0
DE-BB-BE,00+,2024,8,2024-02-25,2920,44.0,0.0,3.0,-49.0
DE-BB-BE,00+,2024,9,2024-03-03,2517,-75.0,95.0,-18.0,37.0
DE-BB-BE,00+,2024,10,2024-03-10,2067,187.0,-38.0,73.0,0.0
DE-BB-BE,00+,2024,11,2024-03-17,2260,50.0,218.0,3.0,0.0
DE-BB-BE,00+,2024,12,2024-03-24,2256,13.0,68.0,19.0,-43.0
DE-BB-BE,00+,2024,13,2024-03-31,1249,311.0,109.0,43.0,0.0
DE-BB-BE,00+,2024,14,2024-04-07,2168,-102.0,-79.0,46.0,0.0
DE-BB-BE,00+,2024,15,2024-04-14,2018,121.0,-9.0,22.0,0.0
DE-BB-BE,00+,2024,16,2024-04-21,2020,-113.0,62.0,2.0,0.0
DE-BB-BE,00+,2024,17,2024-04-28,2086,30.0,128.0,182.0,-46.0
DE-BB-BE,00+,2024,18,2024-05-05,1740,74.0,10.0,-34.0,0.0
DE-BB-BE,00+,2024,19,2024-05-12,1137,93.0,123.0,-46.0,0.0
DE-BB-BE,00+,2024,20,2024-05-19,1788,32.0,-49.0,14.0,-84.0
DE-BB-BE,00+,2024,21,2024-05-26,1567,-25.0,151.0,-22.0,2.0
DE-BB-BE,00+,2024,22,2024-06-02,1407,139.0,-57.0,1.0,0.0
DE-BB-BE,00+,2024,23,2024-06-09,1523,-104.0,46.0,14.0,0.0
DE-BB-BE,00+,2024,24,2024-06-16,1617,-70.0,28.0,29.0,0.0
DE-BB-BE,00+,2024,25,2024-06-23,1820,2.0,79.0,-29.0,0.0
DE-BB-BE,00+,2024,26,2024-06-30,1670,19.0,71.0,0.0,0.0
DE-BB-BE,00+,2024,27,2024-07-07,1807,34.0,68.0,0.0,0.0
DE-BB-BE,00+,2024,28,2024-07-14,1827,116.0,7.0,-27.0,5.0
DE-BB-BE,00+,2024,29,2024-07-21,1600,-41.0,-32.0,2.0,0.0
DE-BB-BE,00+,2024,30,2024-07-28,1309,39.0,-82.0,0.0,0.0
DE-BB-BE,00+,2024,31,2024-08-04,1055,37.0,-69.0,-30.0,0.0
DE-BB-BE,00+,2024,32,2024-08-11,1284,-18.0,-12.0,73.0,15.0
DE-BB-BE,00+,2024,33,2024-08-18,1361,-46.0,8.0,-94.0,-23.0
DE-BB-BE,00+,2024,34,2024-08-25,1233,58.0,-130.0,-56.0,0.0
DE-BB-BE,00+,2024,35,2024-09-01,1330,-157.0,-48.0,-5.0,5.0
DE-BB-BE,00+,2024,36,2024-09-08,1326,34.0,50.0,3.0,3.0
DE-BB-BE,00+,2024,37,2024-09-15,2349,-81.0,-22.0,0.0,
DE-BB-BE,00+,2024,38,2024-09-22,2867,23.0,0.0,,
DE-BB-BE,00+,2024,39,2024-09-29,2239,417.0,,,
DE-BB-BE,00+,2024,40,2024-10-06,2461,,,,
DE-BW,00+,2023,36,2023-09-10,678,-113.0,-35.0,0.0,-35.0
DE-BW,00+,2023,37,2023-09-17,806,-18.0,-21.0,0.0,1.0
DE-BW,00+,2023,38,2023-09-24,885,13.0,-12.0,2.0,-43.0
DE-BW,00+,2023,39,2023-10-01,1114,14.0,34.0,134.0,-34.0
DE-BW,00+,2023,40,2023-10-08,923,29.0,83.0,40.0,-14.0
DE-BW,00+,2023,41,2023-10-15,1591,120.0,22.0,-19.0,-64.0
DE-BW,00+,2023,42,2023-10-22,1728,-50.0,-49.0,23.0,0.0
DE-BW,00+,2023,43,2023-10-29,1764,-23.0,-66.0,30.0,-49.0
DE-BW,00+,2023,44,2023-11-05,1749,-203.0,-39.0,-6.0,0.0
DE-BW,00+,2023,45,2023-11-12,1616,-53.0,70.0,-8.0,-35.0
DE-BW,00+,2023,46,2023-11-19,1624,77.0,30.0,-28.0,-51.0
DE-BW,00+,2023,47,2023-11-26,1875,-9.0,9.0,-18.0,0.0
DE-BW,00+,2023,48,2023-12-03,1805,-35.0,-25.0,0.0,17.0
DE-BW,00+,2023,49,2023-12-10,2032,53.0,0.0,51.0,-44.0
DE-BW,00+,2023,50,2023-12-17,2168,0.0,22.0,7.0,-26.0
DE-BW,00+,2023,51,2023-12-24,0,2009.0,178.0,-25.0,-82.0
DE-BW,00+,2023,52,2023-12-31,1439,-69.0,-4.0,-19.0,-15.0
DE-BW,00+,2024,1,2024-01-07,1815,-286.0,-42.0,-24.0,0.0
DE-BW,00+,2024,2,2024-01-14,1689,-7.0,17.0,0.0,13.0
DE-BW,00+,2024,3,2024-01-21,1829,54.0,6.0,-3.0,-74.0
DE-BW,00+,2024,4,2024-01-28,2187,83.0,4.0,-37.0,-25.0
DE-BW,00+,2024,5,2024-02-04,2435,-73.0,-49.0,32.0,-24.0
DE-BW,00+,2024,6,2024-02-11,2017,-37.0,42.0,-8.0,0.0
DE-BW,00+,2024,7,2024-02-18,2101,160.0,-39.0,5.0,0.0
DE-BW,00+,2024,8,2024-02-25,1836,-8.0,10.0,0.0,0.0
DE-BW,00+,2024,9,2024-03-03,1596,-12.0,6.0,0.0,0.0
DE-BW,00+,2024,10,2024-03-10,1350,-7.0,-6.0,0.0,-15.0
DE-BW,00+,2024,11,2024-03-17,1342,40.0,4.0,-2.0,-22.0
DE-BW,00+,2024,12,2024-03-24,1368,5.0,-22.0,53.0,0.0
DE-BW,00+,2024,13,2024-03-31,1008,53.0,117.0,7.0,-33.0
DE-BW,00+,2024,14,2024-04-07,1236,30.0,23.0,-41.0,-14.0
DE-BW,00+,2024,15,2024-04-14,1159,-61.0,14.0,-14.0,0.0
DE-BW,00+,2024,16,2024-04-21,1043,77.0,39.0,0.0,0.0
DE-BW,00+,2024,17,2024-04-28,1210,46.0,2.0,0.0,-21.0
DE-BW,00+,2024,18,2024-05-05,938,23.0,23.0,-15.0,0.0
DE-BW,00+,2024,19,2024-05-12,861,-18.0,-10.0,0.0,-11.0
DE-BW,00+,2024,20,2024-05-19,1209,-33.0,-27.0,-1.0,-28.0
DE-BW,00+,2024,21,2024-05-26,1107,27.0,-142.0,-19.0,0.0
DE-BW,00+,2024,22,2024-06-02,913,-198.0,-42.0,7.0,1.0
DE-BW,00+,2024,23,2024-06-09,862,-55.0,22.0,0.0,-38.0
DE-BW,00+,2024,24,2024-06-16,889,-3.0,-7.0,-25.0,0.0
DE-BW,00+,2024,25,2024-06-23,841,64.0,-13.0,-4.0,-11.0
DE-BW,00+,2024,26,2024-06-30,898,-106.0,-10.0,17.0,3.0
DE-BW,00+,2024,27,2024-07-07,808,57.0,11.0,20.0,0.0
DE-BW,00+,2024,28,2024-07-14,888,27.0,30.0,0.0,0.0
DE-BW,00+,2024,29,2024-07-21,877,-23.0,-7.0,0.0,0.0
DE-BW,00+,2024,30,2024-07-28,753,39.0,3.0,12.0,0.0
DE-BW,00+,2024,31,2024-08-04,709,16.0,-41.0,5.0,-20.0
DE-BW,00+,2024,32,2024-08-11,702,-60.0,-43.0,-25.0,-18.0
DE-BW,00+,2024,33,2024-08-18,804,-63.0,-38.0,-61.0,2.0
DE-BW,00+,2024,34,2024-08-25,854,-25.0,-99.0,-39.0,-8.0
DE-BW,00+,2024,35,2024-09-01,760,-99.0,-40.0,-7.0,-24.0
DE-BW,00+,2024,36,2024-09-08,692,19.0,-27.0,-26.0,0.0
DE-BW,00+,2024,37,2024-09-15,759,33.0,-21.0,1.0,
DE-BW,00+,2024,38,2024-09-22,1246,1.0,-3.0,,
DE-BW,00+,2024,39,2024-09-29,1638,-20.0,,,
DE-BW,00+,2024,40,2024-10-06,1369,,,,
DE-BY,00+,2023,36,2023-09-10,814,-151.0,26.0,-22.0,-9.0
DE-BY,00+,2023,37,2023-09-17,815,45.0,-19.0,38.0,-12.0
DE-BY,00+,2023,38,2023-09-24,1062,-12.0,75.0,31.0,-23.0
DE-BY,00+,2023,39,2023-10-01,1519,103.0,64.0,-38.0,0.0
DE-BY,00+,2023,40,2023-10-08,1462,109.0,-9.0,13.0,-7.0
DE-BY,00+,2023,41,2023-10-15,1982,109.0,-18.0,0.0,-16.0
DE-BY,00+,2023,42,2023-10-22,1819,63.0,-20.0,6.0,-21.0
DE-BY,00+,2023,43,2023-10-29,1798,-23.0,51.0,96.0,-21.0
DE-BY,00+,2023,44,2023-11-05,1467,-92.0,23.0,47.0,-18.0
DE-BY,00+,2023,45,2023-11-12,1701,156.0,58.0,4.0,0.0
DE-BY,00+,2023,46,2023-11-19,1677,237.0,1.0,-10.0,-20.0
DE-BY,00+,2023,47,2023-11-26,1863,119.0,-18.0,-13.0,0.0
DE-BY,00+,2023,48,2023-12-03,1899,-18.0,91.0,0.0,2.0
DE-BY,00+,2023,49,2023-12-10,2083,208.0,0.0,49.0,-27.0
DE-BY,00+,2023,50,2023-12-17,2551,0.0,7.0,52.0,0.0
DE-BY,00+,2023,51,2023-12-24,0,2584.0,1.0,-18.0,0.0
DE-BY,00+,2023,52,2023-12-31,1508,-77.0,-62.0,-41.0,0.0
DE-BY,00+,2024,1,2024-01-07,2042,-263.0,-96.0,1.0,0.0
DE-BY,00+,2024,2,2024-01-14,1825,-14.0,47.0,-33.0,-109.0
DE-BY,00+,2024,3,2024-01-21,1771,79.0,-30.0,64.0,55.0
DE-BY,00+,2024,4,2024-01-28,2047,33.0,49.0,85.0,0.0
DE-BY,00+,2024,5,2024-02-04,2334,95.0,114.0,3.0,-29.0
DE-BY,00+,2024,6,2024-02-11,2165,274.0,14.0,18.0,-53.0
DE-BY,00+,2024,7,2024-02-18,1677,139.0,-23.0,-42.0,-14.0
DE-BY,00+,2024,8,2024-02-25,1981,75.0,-36.0,-52.0,0.0
DE-BY,00+,2024,9,2024-03-03,1662,20.0,-26.0,11.0,-49.0
DE-BY,00+,2024,10,2024-03-10,1632,11.0,20.0,-12.0,-13.0
DE-BY,00+,2024,11,2024-03-17,1554,65.0,-35.0,-8.0,0.0
DE-BY,00+,2024,12,2024-03-24,1565,-10.0,-17.0,0.0,-17.0
DE-BY,00+,2024,13,2024-03-31,1161,5.0,9.0,-7.0,0.0
DE-BY,00+,2024,14,2024-04-07,1119,134.0,-100.0,5.0,0.0
DE-BY,00+,2024,15,2024-04-14,1048,65.0,33.0,0.0,0.0
DE-BY,00+,2024,16,2024-04-21,1004,90.0,1.0,-8.0,-23.0
DE-BY,00+,2024,17,2024-04-28,1316,-6.0,-24.0,-12.0,-24.0
DE-BY,00+,2024,18,2024-05-05,993,19.0,-41.0,3.0,0.0
DE-BY,00+,2024,19,2024-05-12,973,-84.0,-4.0,11.0,-5.0
DE-BY,00+,2024,20,2024-05-19,1047,74.0,26.0,34.0,0.0
DE-BY,00+,2024,21,2024-05-26,888,-58.0,31.0,-8.0,-12.0
DE-BY,00+,2024,22,2024-06-02,801,-34.0,-7.0,-8.0,0.0
DE-BY,00+,2024,23,2024-06-09,886,-28.0,6.0,-9.0,-28.0
DE-BY,00+,2024,24,2024-06-16,915,46.0,-69.0,76.0,-11.0
DE-BY,00+,2024,25,2024-06-23,887,3.0,71.0,8.0,0.0
DE-BY,00+,2024,26,2024-06-30,851,51.0,-3.0,54.0,0.0
DE-BY,00+,2024,27,2024-07-07,970,142.0,56.0,2.0,0.0
DE-BY,00+,2024,28,2024-07-14,996,143.0,0.0,-6.0,0.0
DE-BY,00+,2024,29,2024-07-21,1058,17.0,33.0,4.0,0.0
DE-BY,00+,2024,30,2024-07-28,824,42.0,49.0,25.0,0.0
DE-BY,00+,2024,31,2024-08-04,837,57.0,17.0,-33.0,0.0
DE-BY,00+,2024,32,2024-08-11,803,75.0,-12.0,-9.0,-30.0
DE-BY,00+,2024,33,2024-08-18,594,111.0,18.0,-42.0,-10.0
DE-BY,00+,2024,34,2024-08-25,1070,-22.0,-75.0,-102.0,-24.0
DE-BY,00+,2024,35,2024-09-01,928,66.0,-97.0,-31.0,-14.0
DE-BY,00+,2024,36,2024-09-08,908,-27.0,-112.0,-7.0,0.0
DE-BY,00+,2024,37,2024-09-15,1025,-88.0,-40.0,41.0,
DE-BY,00+,2024,38,2024-09-22,1355,-15.0,31.0,,
DE-BY,00+,2024,39,2024-09-29,1550,82.0,,,
DE-BY,00+,2024,40,2024-10-06,1656,,,,
DE-HE,00+,2023,36,2023-09-10,841,53.0,-8.0,-6.0,-17.0
DE-HE,00+,2023,37,2023-09-17,923,105.0,-7.0,-25.0,0.0
DE-HE,00+,2023,38,2023-09-24,1212,-1.0,-1.0,-21.0,-21.0
DE-HE,00+,2023,39,2023-10-01,1155,156.0,27.0,-24.0,0.0
DE-HE,00+,2023,40,2023-10-08,976,-67.0,-35.0,2.0,-38.0
DE-HE,00+,2023,41,2023-10-15,1368,20.0,10.0,150.0,-33.0
DE-HE,00+,2023,42,2023-10-22,1299,37.0,114.0,8.0,0.0
DE-HE,00+,2023,43,2023-10-29,1529,-118.0,-32.0,-10.0,1.0
DE-HE,00+,2023,44,2023-11-05,1730,-8.0,-17.0,11.0,0.0
DE-HE,00+,2023,45,2023-11-12,1583,56.0,15.0,21.0,0.0
DE-HE,00+,2023,46,2023-11-19,1786,130.0,33.0,-31.0,0.0
DE-HE,00+,2023,47,2023-11-26,1821,144.0,12.0,0.0,0.0
DE-HE,00+,2023,48,2023-12-03,1871,113.0,7.0,0.0,-16.0
DE-HE,00+,2023,49,2023-12-10,2261,133.0,0.0,-21.0,-49.0
DE-HE,00+,2023,50,2023-12-17,2579,0.0,69.0,59.0,-100.0
DE-HE,00+,2023,51,2023-12-24,0,2000.0,173.0,130.0,-42.0
DE-HE,00+,2023,52,2023-12-31,1158,-527.0,-32.0,-17.0,0.0
DE-HE,00+,2024,1,2024-01-07,1907,38.0,169.0,5.0,0.0
DE-HE,00+,2024,2,2024-01-14,1684,-95.0,-67.0,5.0,-10.0
DE-HE,00+,2024,3,2024-01-21,1661,36.0,28.0,-9.0,0.0
DE-HE,00+,2024,4,2024-01-28,1818,52.0,-41.0,28.0,-35.0
DE-HE,00+,2024,5,2024-02-04,2082,-25.0,46.0,116.0,22.0
DE-HE,00+,2024,6,2024-02-11,1915,199.0,125.0,1.0,3.0
DE-HE,00+,2024,7,2024-02-18,1913,137.0,20.0,-32.0,0.0
DE-HE,00+,2024,8,2024-02-25,1599,130.0,16.0,-14.0,0.0
DE-HE,00+,2024,9,2024-03-03,1525,127.0,-17.0,2.0,0.0
DE-HE,00+,2024,10,2024-03-10,1354,139.0,0.0,0.0,-18.0
DE-HE,00+,2024,11,2024-03-17,1370,42.0,-21.0,9.0,1.0
DE-HE,00+,2024,12,2024-03-24,1245,-4.0,86.0,41.0,0.0
DE-HE,00+,2024,13,2024-03-31,1118,-106.0,-29.0,6.0,-18.0
DE-HE,00+,2024,14,2024-04-07,1165,-8.0,17.0,3.0,-22.0
DE-HE,00+,2024,15,2024-04-14,1139,-54.0,-14.0,47.0,0.0
DE-HE,00+,2024,16,2024-04-21,1069,44.0,52.0,-22.0,0.0
DE-HE,00+,2024,17,2024-04-28,1172,134.0,-2.0,0.0,-71.0
DE-HE,00+,2024,18,2024-05-05,897,80.0,25.0,20.0,0.0
DE-HE,00+,2024,19,2024-05-12,667,90.0,91.0,0.0,0.0
DE-HE,00+,2024,20,2024-05-19,983,361.0,0.0,2.0,0.0
DE-HE,00+,2024,21,2024-05-26,1075,16.0,-12.0,9.0,0.0
DE-HE,00+,2024,22,2024-06-02,546,164.0,49.0,0.0,0.0
DE-HE,00+,2024,23,2024-06-09,1006,137.0,1.0,8.0,0.0
DE-HE,00+,2024,24,2024-06-16,1237,57.0,40.0,0.0,0.0
DE-HE,00+,2024,25,2024-06-23,1115,12.0,11.0,0.0,0.0
DE-HE,00+,2024,26,2024-06-30,960,-19.0,-4.0,0.0,0.0
DE-HE,00+,2024,27,2024-07-07,1055,33.0,22.0,0.0,0.0
DE-HE,00+,2024,28,2024-07-14,1114,77.0,-10.0,6.0,0.0
DE-HE,00+,2024,29,2024-07-21,1128,6.0,-103.0,-16.0,-64.0
DE-HE,00+,2024,30,2024-07-28,886,-111.0,-13.0,-1.0,2.0
DE-HE,00+,2024,31,2024-08-04,944,-47.0,-31.0,22.0,-27.0
DE-HE,00+,2024,32,2024-08-11,733,91.0,-6.0,-22.0,-12.0
DE-HE,00+,2024,33,2024-08-18,714,17.0,-14.0,-36.0,0.0
DE-HE,00+,2024,34,2024-08-25,936,7.0,-38.0,0.0,-18.0
DE-HE,00+,2024,35,2024-09-01,1003,6.0,25.0,-18.0,0.0
DE-HE,00+,2024,36,2024-09-08,992,76.0,-3.0,4.0,0.0
DE-HE,00+,2024,37,2024-09-15,1293,77.0,13.0,-24.0,
DE-HE,00+,2024,38,2024-09-22,1763,66.0,-33.0,,
DE-HE,00+,2024,39,2024-09-29,1776,15.0,,,
DE-HE,00+,2024,40,2024-10-06,1220,,,,
DE-MV,00+,2023,36,2023-09-10,979,0.0,250.0,0.0,-61.0
DE-MV,00+,2023,37,2023-09-17,1261,258.0,0.0,-56.0,0.0
DE-MV,00+,2023,38,2023-09-24,1946,0.0,-206.0,0.0,-150.0
DE-MV,00+,2023,39,2023-10-01,1439,-204.0,300.0,174.0,0.0
DE-MV,00+,2023,40,2023-10-08,1224,300.0,302.0,14.0,0.0
DE-MV,00+,2023,41,2023-10-15,2801,-65.0,-258.0,0.0,0.0
DE-MV,00+,2023,42,2023-10-22,2140,349.0,0.0,-150.0,0.0
DE-MV,00+,2023,43,2023-10-29,1870,7.0,347.0,0.0,-154.0
DE-MV,00+,2023,44,2023-11-05,2456,-132.0,0.0,-191.0,0.0
DE-MV,00+,2023,45,2023-11-12,2787,-7.0,-237.0,0.0,0.0
DE-MV,00+,2023,46,2023-11-19,2680,266.0,0.0,-126.0,211.0
DE-MV,00+,2023,47,2023-11-26,3591,11.0,-151.0,-139.0,0.0
DE-MV,00+,2023,48,2023-12-03,3288,-105.0,-167.0,0.0,0.0
DE-MV,00+,2023,49,2023-12-10,2813,240.0,0.0,0.0,0.0
DE-MV,00+,2023,50,2023-12-17,3120,0.0,67.0,0.0,354.0
DE-MV,00+,2023,51,2023-12-24,0,2952.0,135.0,42.0,0.0
DE-MV,00+,2023,52,2023-12-31,1656,-454.0,12.0,0.0,0.0
DE-MV,00+,2024,1,2024-01-07,2220,-49.0,0.0,0.0,0.0
DE-MV,00+,2024,2,2024-01-14,1385,505.0,0.0,0.0,0.0
DE-MV,00+,2024,3,2024-01-21,1947,463.0,0.0,-24.0,0.0
DE-MV,00+,2024,4,2024-01-28,2720,296.0,-86.0,0.0,0.0
DE-MV,00+,2024,5,2024-02-04,2755,57.0,0.0,0.0,-145.0
DE-MV,00+,2024,6,2024-02-11,3340,-348.0,31.0,8.0,0.0
DE-MV,00+,2024,7,2024-02-18,2271,-562.0,-127.0,0.0,0.0
DE-MV,00+,2024,8,2024-02-25,2184,-136.0,0.0,0.0,0.0
DE-MV,00+,2024,9,2024-03-03,2205,-65.0,22.0,0.0,0.0
DE-MV,00+,2024,10,2024-03-10,1744,-149.0,0.0,0.0,0.0
DE-MV,00+,2024,11,2024-03-17,1920,-151.0,136.0,0.0,0.0
DE-MV,00+,2024,12,2024-03-24,1494,142.0,165.0,0.0,0.0
DE-MV,00+,2024,13,2024-03-31,1608,78.0,0.0,0.0,0.0
DE-MV,00+,2024,14,2024-04-07,2275,8.0,-21.0,0.0,-126.0
DE-MV,00+,2024,15,2024-04-14,1399,566.0,6.0,-92.0,0.0
DE-MV,00+,2024,16,2024-04-21,1950,484.0,-47.0,0.0,0.0
DE-MV,00+,2024,17,2024-04-28,1762,-34.0,0.0,0.0,3.0
DE-MV,00+,2024,18,2024-05-05,1463,0.0,0.0,45.0,0.0
DE-MV,00+,2024,19,2024-05-12,1272,1.0,-107.0,-27.0,0.0
DE-MV,00+,2024,20,2024-05-19,1640,-289.0,12.0,0.0,0.0
DE-MV,00+,2024,21,2024-05-26,1028,-63.0,0.0,94.0,0.0
DE-MV,00+,2024,22,2024-06-02,987,342.0,135.0,0.0,0.0
DE-MV,00+,2024,23,2024-06-09,1379,-44.0,0.0,0.0,0.0
DE-MV,00+,2024,24,2024-06-16,1546,70.0,0.0,-105.0,0.0
DE-MV,00+,2024,25,2024-06-23,1704,7.0,-119.0,0.0,0.0
DE-MV,00+,2024,26,2024-06-30,1387,-102.0,0.0,0.0,0.0
DE-MV,00+,2024,27,2024-07-07,1343,0.0,0.0,0.0,613.0
DE-MV,00+,2024,28,2024-07-14,1410,-33.0,7.0,0.0,-84.0
DE-MV,00+,2024,29,2024-07-21,1449,0.0,0.0,-101.0,0.0
DE-MV,00+,2024,30,2024-07-28,1377,-74.0,-127.0,-239.0,0.0
DE-MV,00+,2024,31,2024-08-04,1375,509.0,-429.0,7.0,0.0
DE-MV,00+,2024,32,2024-08-11,2090,-513.0,-62.0,0.0,8.0
DE-MV,00+,2024,33,2024-08-18,1667,-140.0,0.0,8.0,0.0
DE-MV,00+,2024,34,2024-08-25,1431,106.0,6.0,-145.0,0.0
DE-MV,00+,2024,35,2024-09-01,1361,19.0,-156.0,0.0,0.0
DE-MV,00+,2024,36,2024-09-08,1067,249.0,0.0,0.0,0.0
DE-MV,00+,2024,37,2024-09-15,1504,0.0,0.0,0.0,
DE-MV,00+,2024,38,2024-09-22,1507,280.0,0.0,,
DE-MV,00+,2024,39,2024-09-29,1962,-15.0,,,
DE-MV,00+,2024,40,2024-10-06,1534,,,,
DE-NI-HB,00+,2023,36,2023-09-10,1962,-66.0,23.0,4.0,-9.0
DE-NI-HB,00+,2023,37,2023-09-17,2040,71.0,-107.0,-4.0,-55.0
DE-NI-HB,00+,2023,38,2023-09-24,2025,91.0,-20.0,-47.0,0.0
DE-NI-HB,00+,2023,39,2023-10-01,2127,59.0,-53.0,18.0,31.0
DE-NI-HB,00+,2023,40,2023-10-08,1849,50.0,6.0,44.0,-32.0
DE-NI-HB,00+,2023,41,2023-10-15,2057,272.0,40.0,62.0,0.0
DE-NI-HB,00+,2023,42,2023-10-22,2686,-179.0,-85.0,-71.0,0.0
DE-NI-HB,00+,2023,43,2023-10-29,2572,-110.0,-86.0,0.0,0.0
DE-NI-HB,00+,2023,44,2023-11-05,2760,-190.0,16.0,-2.0,-155.0
DE-NI-HB,00+,2023,45,2023-11-12,3490,-263.0,62.0,-129.0,27.0
DE-NI-HB,00+,2023,46,2023-11-19,3632,-53.0,-91.0,106.0,0.0
DE-NI-HB,00+,2023,47,2023-11-26,4371,-348.0,143.0,0.0,0.0
DE-NI-HB,00+,2023,48,2023-12-03,3742,264.0,45.0,0.0,7.0
DE-NI-HB,00+,2023,49,2023-12-10,5017,-112.0,0.0,19.0,0.0
DE-NI-HB,00+,2023,50,2023-12-17,4685,0.0,120.0,54.0,-154.0
DE-NI-HB,00+,2023,51,2023-12-24,0,4301.0,91.0,-66.0,-905.0
DE-NI-HB,00+,2023,52,2023-12-31,1932,-386.0,22.0,-243.0,0.0
DE-NI-HB,00+,2024,1,2024-01-07,2968,58.0,-2.0,1.0,0.0
DE-NI-HB,00+,2024,2,2024-01-14,2879,-79.0,25.0,5.0,0.0
DE-NI-HB,00+,2024,3,2024-01-21,3027,78.0,2.0,-16.0,0.0
DE-NI-HB,00+,2024,4,2024-01-28,3630,-21.0,-28.0,39.0,5.0
DE-NI-HB,00+,2024,5,2024-02-04,3499,-112.0,92.0,23.0,0.0
DE-NI-HB,00+,2024,6,2024-02-11,2770,188.0,179.0,0.0,0.0
DE-NI-HB,00+,2024,7,2024-02-18,3378,84.0,3.0,1.0,0.0
DE-NI-HB,00+,2024,8,2024-02-25,2810,221.0,0.0,-10.0,0.0
DE-NI-HB,00+,2024,9,2024-03-03,2325,352.0,27.0,3.0,-28.0
DE-NI-HB,00+,2024,10,2024-03-10,2524,254.0,1.0,-29.0,-29.0
DE-NI-HB,00+,2024,11,2024-03-17,2563,277.0,-76.0,1.0,-56.0
DE-NI-HB,00+,2024,12,2024-03-24,2371,-17.0,-88.0,6.0,0.0
DE-NI-HB,00+,2024,13,2024-03-31,1775,146.0,57.0,11.0,0.0
DE-NI-HB,00+,2024,14,2024-04-07,2004,-42.0,-3.0,1.0,0.0
DE-NI-HB,00+,2024,15,2024-04-14,2104,76.0,-18.0,10.0,0.0
DE-NI-HB,00+,2024,16,2024-04-21,1987,227.0,-2.0,0.0,0.0
DE-NI-HB,00+,2024,17,2024-04-28,2265,109.0,21.0,-22.0,-15.0
DE-NI-HB,00+,2024,18,2024-05-05,1804,-8.0,15.0,120.0,0.0
DE-NI-HB,00+,2024,19,2024-05-12,1844,48.0,-256.0,17.0,0.0
DE-NI-HB,00+,2024,20,2024-05-19,1769,-189.0,-40.0,0.0,-8.0
DE-NI-HB,00+,2024,21,2024-05-26,1452,-22.0,11.0,13.0,0.0
DE-NI-HB,00+,2024,22,2024-06-02,1606,155.0,-30.0,-26.0,0.0
DE-NI-HB,00+,2024,23,2024-06-09,2025,207.0,10.0,-29.0,0.0
DE-NI-HB,00+,2024,24,2024-06-16,1521,183.0,85.0,3.0,0.0
DE-NI-HB,00+,2024,25,2024-06-23,1738,-31.0,-10.0,-19.0,0.0
DE-NI-HB,00+,2024,26,2024-06-30,1971,143.0,0.0,-8.0,-46.0
DE-NI-HB,00+,2024,27,2024-07-07,1583,358.0,29.0,-70.0,0.0
DE-NI-HB,00+,2024,28,2024-07-14,1329,253.0,-2.0,-84.0,-26.0
DE-NI-HB,00+,2024,29,2024-07-21,1279,50.0,-148.0,-123.0,-42.0
DE-NI-HB,00+,2024,30,2024-07-28,1299,-95.0,-188.0,-24.0,-14.0
DE-NI-HB,00+,2024,31,2024-08-04,1441,-268.0,-65.0,-13.0,0.0
DE-NI-HB,00+,2024,32,2024-08-11,1389,-37.0,-27.0,13.0,-7.0
DE-NI-HB,00+,2024,33,2024-08-18,1387,11.0,103.0,-48.0,42.0
DE-NI-HB,00+,2024,34,2024-08-25,1840,5.0,-36.0,25.0,0.0
DE-NI-HB,00+,2024,35,2024-09-01,1678,146.0,147.0,14.0,0.0
DE-NI-HB,00+,2024,36,2024-09-08,1965,239.0,-28.0,27.0,0.0
DE-NI-HB,00+,2024,37,2024-09-15,2120,127.0,-26.0,-1.0,
DE-NI-HB,00+,2024,38,2024-09-22,2491,34.0,-25.0,,
DE-NI-HB,00+,2024,39,2024-09-29,2305,49.0,,,
DE-NI-HB,00+,2024,40,2024-10-06,1870,,,,
DE-NW,00+,2023,36,2023-09-10,1261,27.0,-10.0,-1.0,-8.0
DE-NW,00+,2023,37,2023-09-17,1197,54.0,6.0,22.0,-11.0
DE-NW,00+,2023,38,2023-09-24,1181,-12.0,51.0,21.0,-9.0
DE-NW,00+,2023,39,2023-10-01,1214,90.0,31.0,13.0,0.0
DE-NW,00+,2023,40,2023-10-08,1154,-151.0,-20.0,-19.0,-7.0
DE-NW,00+,2023,41,2023-10-15,1528,-166.0,-37.0,-7.0,-21.0
DE-NW,00+,2023,42,2023-10-22,1803,-96.0,-29.0,3.0,-43.0
DE-NW,00+,2023,43,2023-10-29,1723,79.0,12.0,13.0,0.0
DE-NW,00+,2023,44,2023-11-05,1611,79.0,34.0,3.0,0.0
DE-NW,00+,2023,45,2023-11-12,2035,72.0,5.0,1.0,-144.0
DE-NW,00+,2023,46,2023-11-19,2170,41.0,-18.0,-37.0,-8.0
DE-NW,00+,2023,47,2023-11-26,2238,43.0,-3.0,-3.0,0.0
DE-NW,00+,2023,48,2023-12-03,2237,20.0,28.0,0.0,-13.0
DE-NW,00+,2023,49,2023-12-10,2491,35.0,0.0,-60.0,-10.0
DE-NW,00+,2023,50,2023-12-17,2872,0.0,-2.0,-48.0,-27.0
DE-NW,00+,2023,51,2023-12-24,0,2561.0,-125.0,1.0,1.0
DE-NW,00+,2023,52,2023-12-31,1291,-384.0,-18.0,46.0,-11.0
DE-NW,00+,2024,1,2024-01-07,1883,-166.0,-2.0,-8.0,-17.0
DE-NW,00+,2024,2,2024-01-14,1847,-41.0,16.0,-7.0,0.0
DE-NW,00+,2024,3,2024-01-21,1731,136.0,-2.0,2.0,2.0
DE-NW,00+,2024,4,2024-01-28,1988,84.0,8.0,19.0,-37.0
DE-NW,00+,2024,5,2024-02-04,2043,174.0,13.0,-13.0,-12.0
DE-NW,00+,2024,6,2024-02-11,1729,275.0,-61.0,9.0,0.0
DE-NW,00+,2024,7,2024-02-18,1737,42.0,13.0,59.0,0.0
DE-NW,00+,2024,8,2024-02-25,2008,-17.0,26.0,-22.0,0.0
DE-NW,00+,2024,9,2024-03-03,1555,80.0,16.0,1.0,0.0
DE-NW,00+,2024,10,2024-03-10,1586,-4.0,-14.0,3.0,-15.0
DE-NW,00+,2024,11,2024-03-17,1535,12.0,40.0,-5.0,0.0
DE-NW,00+,2024,12,2024-03-24,1443,-14.0,-55.0,0.0,11.0
DE-NW,00+,2024,13,2024-03-31,1079,-304.0,4.0,17.0,-13.0
DE-NW,00+,2024,14,2024-04-07,1211,-91.0,-10.0,-15.0,1.0
DE-NW,00+,2024,15,2024-04-14,1108,80.0,25.0,-13.0,5.0
DE-NW,00+,2024,16,2024-04-21,1143,87.0,-15.0,10.0,-12.0
DE-NW,00+,2024,17,2024-04-28,1382,1.0,1.0,-1.0,-52.0
DE-NW,00+,2024,18,2024-05-05,1016,-14.0,10.0,1.0,-17.0
DE-NW,00+,2024,19,2024-05-12,822,59.0,-5.0,-2.0,-9.0
DE-NW,00+,2024,20,2024-05-19,1187,-48.0,0.0,-14.0,-25.0
DE-NW,00+,2024,21,2024-05-26,788,-15.0,0.0,-6.0,3.0
DE-NW,00+,2024,22,2024-06-02,749,-5.0,-8.0,1.0,-8.0
DE-NW,00+,2024,23,2024-06-09,958,32.0,10.0,-11.0,-63.0
DE-NW,00+,2024,24,2024-06-16,1098,-2.0,3.0,37.0,-12.0
DE-NW,00+,2024,25,2024-06-23,1212,-26.0,-39.0,3.0,-36.0
DE-NW,00+,2024,26,2024-06-30,1156,-54.0,-23.0,2.0,0.0
DE-NW,00+,2024,27,2024-07-07,1052,24.0,31.0,10.0,-23.0
DE-NW,00+,2024,28,2024-07-14,983,58.0,-40.0,-33.0,-6.0
DE-NW,00+,2024,29,2024-07-21,938,-62.0,-34.0,-25.0,-13.0
DE-NW,00+,2024,30,2024-07-28,783,-30.0,-46.0,0.0,-7.0
DE-NW,00+,2024,31,2024-08-04,848,-90.0,-24.0,-15.0,-43.0
DE-NW,00+,2024,32,2024-08-11,710,-3.0,-45.0,3.0,4.0
DE-NW,00+,2024,33,2024-08-18,690,-38.0,5.0,6.0,-25.0
DE-NW,00+,2024,34,2024-08-25,761,-8.0,-6.0,7.0,0.0
DE-NW,00+,2024,35,2024-09-01,844,30.0,6.0,8.0,-44.0
DE-NW,00+,2024,36,2024-09-08,1072,11.0,-7.0,6.0,3.0
DE-NW,00+,2024,37,2024-09-15,1331,0.0,-45.0,-12.0,
DE-NW,00+,2024,38,2024-09-22,1854,-90.0,-75.0,,
DE-NW,00+,2024,39,2024-09-29,1580,4.0,,,
DE-NW,00+,2024,40,2024-10-06,1323,,,,
DE-RP-SL,00+,2023,36,2023-09-10,1345,64.0,84.0,-35.0,-171.0
DE-RP-SL,00+,2023,37,2023-09-17,1888,20.0,-189.0,38.0,0.0
DE-RP-SL,00+,2023,38,2023-09-24,3555,-972.0,-120.0,0.0,-244.0
DE-RP-SL,00+,2023,39,2023-10-01,2823,-164.0,10.0,-44.0,-66.0
DE-RP-SL,00+,2023,40,2023-10-08,2711,-42.0,-95.0,-150.0,107.0
DE-RP-SL,00+,2023,41,2023-10-15,3151,176.0,-173.0,-19.0,-90.0
DE-RP-SL,00+,2023,42,2023-10-22,4000,-728.0,-301.0,-64.0,-33.0
DE-RP-SL,00+,2023,43,2023-10-29,3293,-515.0,-349.0,-10.0,-76.0
DE-RP-SL,00+,2023,44,2023-11-05,4144,-1367.0,-194.0,11.0,0.0
DE-RP-SL,00+,2023,45,2023-11-12,4054,-29.0,-28.0,-6.0,0.0
DE-RP-SL,00+,2023,46,2023-11-19,3672,57.0,-7.0,20.0,-84.0
DE-RP-SL,00+,2023,47,2023-11-26,4228,178.0,-119.0,85.0,0.0
DE-RP-SL,00+,2023,48,2023-12-03,3544,256.0,431.0,0.0,-261.0
DE-RP-SL,00+,2023,49,2023-12-10,4934,123.0,0.0,-627.0,0.0
DE-RP-SL,00+,2023,50,2023-12-17,5450,0.0,308.0,0.0,-409.0
DE-RP-SL,00+,2023,51,2023-12-24,0,5029.0,-98.0,-172.0,0.0
DE-RP-SL,00+,2023,52,2023-12-31,1444,-295.0,-373.0,-20.0,-18.0
DE-RP-SL,00+,2024,1,2024-01-07,3820,74.0,-347.0,-111.0,114.0
DE-RP-SL,00+,2024,2,2024-01-14,4059,-32.0,-100.0,105.0,-414.0
DE-RP-SL,00+,2024,3,2024-01-21,3901,-381.0,6.0,-208.0,0.0
DE-RP-SL,00+,2024,4,2024-01-28,4280,-130.0,-132.0,28.0,0.0
DE-RP-SL,00+,2024,5,2024-02-04,4059,-339.0,278.0,34.0,42.0
DE-RP-SL,00+,2024,6,2024-02-11,4201,697.0,-246.0,111.0,0.0
DE-RP-SL,00+,2024,7,2024-02-18,2909,205.0,73.0,28.0,0.0
DE-RP-SL,00+,2024,8,2024-02-25,3125,633.0,24.0,64.0,0.0
DE-RP-SL,00+,2024,9,2024-03-03,2845,467.0,61.0,7.0,0.0
DE-RP-SL,00+,2024,10,2024-03-10,2786,-54.0,44.0,10.0,0.0
DE-RP-SL,00+,2024,11,2024-03-17,2439,19.0,34.0,31.0,-312.0
DE-RP-SL,00+,2024,12,2024-03-24,4141,146.0,-134.0,-982.0,0.0
DE-RP-SL,00+,2024,13,2024-03-31,2704,1249.0,-927.0,-36.0,-340.0
DE-RP-SL,00+,2024,14,2024-04-07,2755,-195.0,-22.0,-140.0,-79.0
DE-RP-SL,00+,2024,15,2024-04-14,2300,450.0,-205.0,49.0,0.0
DE-RP-SL,00+,2024,16,2024-04-21,2692,-93.0,9.0,0.0,0.0
DE-RP-SL,00+,2024,17,2024-04-28,2700,370.0,0.0,14.0,-112.0
DE-RP-SL,00+,2024,18,2024-05-05,2012,417.0,20.0,16.0,-98.0
DE-RP-SL,00+,2024,19,2024-05-12,1866,28.0,36.0,-86.0,-247.0
DE-RP-SL,00+,2024,20,2024-05-19,2564,-143.0,54.0,-91.0,-51.0
DE-RP-SL,00+,2024,21,2024-05-26,1602,-158.0,86.0,-108.0,0.0
DE-RP-SL,00+,2024,22,2024-06-02,1350,-156.0,-60.0,0.0,-29.0
DE-RP-SL,00+,2024,23,2024-06-09,1938,27.0,22.0,69.0,0.0
DE-RP-SL,00+,2024,24,2024-06-16,2286,35.0,186.0,-131.0,0.0
DE-RP-SL,00+,2024,25,2024-06-23,2175,250.0,-61.0,0.0,0.0
DE-RP-SL,00+,2024,26,2024-06-30,1998,132.0,5.0,-4.0,0.0
DE-RP-SL,00+,2024,27,2024-07-07,1743,285.0,113.0,6.0,0.0
DE-RP-SL,00+,2024,28,2024-07-14,2306,60.0,6.0,-20.0,-97.0
DE-RP-SL,00+,2024,29,2024-07-21,1953,237.0,372.0,-319.0,-76.0
DE-RP-SL,00+,2024,30,2024-07-28,1780,387.0,-268.0,5.0,-260.0
DE-RP-SL,00+,2024,31,2024-08-04,1398,155.0,-78.0,-173.0,-28.0
DE-RP-SL,00+,2024,32,2024-08-11,1275,-215.0,-115.0,-86.0,-7.0
DE-RP-SL,00+,2024,33,2024-08-18,884,255.0,-84.0,-19.0,-16.0
DE-RP-SL,00+,2024,34,2024-08-25,1770,-200.0,101.0,-7.0,0.0
DE-RP-SL,00+,2024,35,2024-09-01,1980,317.0,-93.0,-7.0,-219.0
DE-RP-SL,00+,2024,36,2024-09-08,1953,-25.0,-42.0,-10.0,0.0
DE-RP-SL,00+,2024,37,2024-09-15,2294,272.0,-107.0,5.0,
DE-RP-SL,00+,2024,38,2024-09-22,3677,-280.0,0.0,,
DE-RP-SL,00+,2024,39,2024-09-29,2924,425.0,,,
DE-RP-SL,00+,2024,40,2024-10-06,2440,,,,
DE-SH-HH,00+,2023,36,2023-09-10,1875,188.0,-140.0,-12.0,-185.0
DE-SH-HH,00+,2023,37,2023-09-17,2309,-189.0,-13.0,-154.0,0.0
DE-SH-HH,00+,2023,38,2023-09-24,2188,-104.0,-196.0,72.0,-98.0
DE-SH-HH,00+,2023,39,2023-10-01,2629,-311.0,-345.0,227.0,0.0
DE-SH-HH,00+,2023,40,2023-10-08,1844,-122.0,114.0,0.0,-33.0
DE-SH-HH,00+,2023,41,2023-10-15,1901,352.0,0.0,31.0,0.0
DE-SH-HH,00+,2023,42,2023-10-22,2750,-488.0,58.0,3.0,0.0
DE-SH-HH,00+,2023,43,2023-10-29,2250,331.0,109.0,-104.0,-303.0
DE-SH-HH,00+,2023,44,2023-11-05,1728,159.0,-54.0,141.0,-45.0
DE-SH-HH,00+,2023,45,2023-11-12,1865,207.0,193.0,-1.0,-38.0
DE-SH-HH,00+,2023,46,2023-11-19,4008,-1143.0,-145.0,24.0,0.0
DE-SH-HH,00+,2023,47,2023-11-26,3142,50.0,145.0,35.0,0.0
DE-SH-HH,00+,2023,48,2023-12-03,3174,112.0,89.0,0.0,0.0
DE-SH-HH,00+,2023,49,2023-12-10,3156,459.0,0.0,12.0,0.0
DE-SH-HH,00+,2023,50,2023-12-17,3235,0.0,769.0,0.0,-173.0
DE-SH-HH,00+,2023,51,2023-12-24,0,4317.0,-72.0,-372.0,-329.0
DE-SH-HH,00+,2023,52,2023-12-31,1839,139.0,-6.0,-128.0,0.0
DE-SH-HH,00+,2024,1,2024-01-07,2470,-154.0,-167.0,0.0,-46.0
DE-SH-HH,00+,2024,2,2024-01-14,2398,-34.0,0.0,116.0,-16.0
DE-SH-HH,00+,2024,3,2024-01-21,2764,-138.0,118.0,188.0,0.0
DE-SH-HH,00+,2024,4,2024-01-28,2100,239.0,649.0,0.0,0.0
DE-SH-HH,00+,2024,5,2024-02-04,2889,249.0,16.0,-156.0,0.0
DE-SH-HH,00+,2024,6,2024-02-11,2982,218.0,-64.0,0.0,0.0
DE-SH-HH,00+,2024,7,2024-02-18,2991,-126.0,14.0,5.0,-212.0
DE-SH-HH,00+,2024,8,2024-02-25,2375,329.0,271.0,85.0,-58.0
DE-SH-HH,00+,2024,9,2024-03-03,1716,622.0,25.0,-42.0,0.0
DE-SH-HH,00+,2024,10,2024-03-10,2497,-13.0,-29.0,3.0,0.0
DE-SH-HH,00+,2024,11,2024-03-17,2208,-76.0,0.0,0.0,-65.0
DE-SH-HH,00+,2024,12,2024-03-24,2337,204.0,44.0,48.0,0.0
DE-SH-HH,00+,2024,13,2024-03-31,2136,-106.0,81.0,0.0,0.0
DE-SH-HH,00+,2024,14,2024-04-07,1911,-255.0,40.0,96.0,10.0
DE-SH-HH,00+,2024,15,2024-04-14,2336,-472.0,52.0,-72.0,-24.0
DE-SH-HH,00+,2024,16,2024-04-21,1825,-97.0,-54.0,34.0,0.0
DE-SH-HH,00+,2024,17,2024-04-28,2130,46.0,5.0,30.0,-15.0
DE-SH-HH,00+,2024,18,2024-05-05,1770,-205.0,144.0,44.0,0.0
DE-SH-HH,00+,2024,19,2024-05-12,1056,92.0,119.0,0.0,0.0
DE-SH-HH,00+,2024,20,2024-05-19,1203,612.0,20.0,-10.0,0.0
DE-SH-HH,00+,2024,21,2024-05-26,1206,78.0,-20.0,0.0,-25.0
DE-SH-HH,00+,2024,22,2024-06-02,1323,59.0,0.0,-3.0,0.0
DE-SH-HH,00+,2024,23,2024-06-09,1272,92.0,21.0,11.0,0.0
DE-SH-HH,00+,2024,24,2024-06-16,1690,316.0,-74.0,2.0,0.0
DE-SH-HH,00+,2024,25,2024-06-23,1682,89.0,6.0,0.0,-16.0
DE-SH-HH,00+,2024,26,2024-06-30,1738,-66.0,0.0,72.0,0.0
DE-SH-HH,00+,2024,27,2024-07-07,1737,-22.0,114.0,0.0,0.0
DE-SH-HH,00+,2024,28,2024-07-14,1702,415.0,0.0,-16.0,0.0
DE-SH-HH,00+,2024,29,2024-07-21,1495,81.0,-32.0,7.0,9.0
DE-SH-HH,00+,2024,30,2024-07-28,1378,53.0,18.0,-156.0,0.0
DE-SH-HH,00+,2024,31,2024-08-04,897,167.0,-96.0,87.0,0.0
DE-SH-HH,00+,2024,32,2024-08-11,2509,-499.0,-651.0,78.0,17.0
DE-SH-HH,00+,2024,33,2024-08-18,1699,58.0,-204.0,-102.0,-36.0
DE-SH-HH,00+,2024,34,2024-08-25,1303,187.0,-74.0,-38.0,0.0
DE-SH-HH,00+,2024,35,2024-09-01,1377,-50.0,-25.0,-31.0,0.0
DE-SH-HH,00+,2024,36,2024-09-08,1298,66.0,-76.0,48.0,0.0
DE-SH-HH,00+,2024,37,2024-09-15,1539,-91.0,248.0,0.0,
DE-SH-HH,00+,2024,38,2024-09-22,2241,291.0,0.0,,
DE-SH-HH,00+,2024,39,2024-09-29,2602,171.0,,,
DE-SH-HH,00+,2024,40,2024-10-06,2649,,,,
DE-SN,00+,2023,36,2023-09-10,938,-62.0,-19.0,99.0,-43.0
DE-SN,00+,2023,37,2023-09-17,1073,-12.0,27.0,24.0,-24.0
DE-SN,00+,2023,38,2023-09-24,1082,72.0,29.0,-14.0,-25.0
DE-SN,00+,2023,39,2023-10-01,1222,20.0,10.0,-50.0,4.0
DE-SN,00+,2023,40,2023-10-08,873,-241.0,-16.0,0.0,0.0
DE-SN,00+,2023,41,2023-10-15,1380,-405.0,8.0,3.0,-26.0
DE-SN,00+,2023,42,2023-10-22,1166,88.0,0.0,-24.0,0.0
DE-SN,00+,2023,43,2023-10-29,1361,32.0,15.0,53.0,0.0
DE-SN,00+,2023,44,2023-11-05,1136,-77.0,49.0,120.0,0.0
DE-SN,00+,2023,45,2023-11-12,1547,176.0,111.0,2.0,-49.0
DE-SN,00+,2023,46,2023-11-19,1904,51.0,0.0,-42.0,0.0
DE-SN,00+,2023,47,2023-11-26,1573,64.0,-35.0,-31.0,0.0
DE-SN,00+,2023,48,2023-12-03,1844,87.0,-44.0,0.0,0.0
DE-SN,00+,2023,49,2023-12-10,1800,-37.0,0.0,72.0,-53.0
DE-SN,00+,2023,50,2023-12-17,2304,0.0,-60.0,-86.0,8.0
DE-SN,00+,2023,51,2023-12-24,0,1980.0,-48.0,-110.0,0.0
DE-SN,00+,2023,52,2023-12-31,1113,-147.0,-104.0,0.0,71.0
DE-SN,00+,2024,1,2024-01-07,1781,-63.0,-57.0,121.0,0.0
DE-SN,00+,2024,2,2024-01-14,1365,67.0,136.0,16.0,0.0
DE-SN,00+,2024,3,2024-01-21,1657,187.0,6.0,14.0,0.0
DE-SN,00+,2024,4,2024-01-28,2176,136.0,-12.0,0.0,-64.0
DE-SN,00+,2024,5,2024-02-04,1993,214.0,0.0,27.0,0.0
DE-SN,00+,2024,6,2024-02-11,2114,56.0,81.0,10.0,0.0
DE-SN,00+,2024,7,2024-02-18,1766,-398.0,-122.0,13.0,0.0
DE-SN,00+,2024,8,2024-02-25,1807,-252.0,-52.0,0.0,0.0
DE-SN,00+,2024,9,2024-03-03,1576,-30.0,-45.0,0.0,0.0
DE-SN,00+,2024,10,2024-03-10,1167,-18.0,34.0,0.0,0.0
DE-SN,00+,2024,11,2024-03-17,1324,30.0,0.0,0.0,0.0
DE-SN,00+,2024,12,2024-03-24,1190,17.0,62.0,64.0,0.0
DE-SN,00+,2024,13,2024-03-31,1025,261.0,3.0,-33.0,0.0
DE-SN,00+,2024,14,2024-04-07,997,-49.0,-73.0,0.0,0.0
DE-SN,00+,2024,15,2024-04-14,1166,-27.0,9.0,0.0,0.0
DE-SN,00+,2024,16,2024-04-21,1043,4.0,-19.0,11.0,0.0
DE-SN,00+,2024,17,2024-04-28,1205,7.0,12.0,1.0,-14.0
DE-SN,00+,2024,18,2024-05-05,760,158.0,2.0,-7.0,0.0
DE-SN,00+,2024,19,2024-05-12,771,-42.0,10.0,0.0,-18.0
DE-SN,00+,2024,20,2024-05-19,823,119.0,31.0,17.0,0.0
DE-SN,00+,2024,21,2024-05-26,816,44.0,-50.0,-13.0,0.0
DE-SN,00+,2024,22,2024-06-02,796,7.0,-9.0,-17.0,0.0
DE-SN,00+,2024,23,2024-06-09,870,-22.0,-18.0,0.0,0.0
DE-SN,00+,2024,24,2024-06-16,925,161.0,0.0,0.0,-50.0
DE-SN,00+,2024,25,2024-06-23,902,7.0,3.0,-14.0,-26.0
DE-SN,00+,2024,26,2024-06-30,672,92.0,-42.0,-150.0,-41.0
DE-SN,00+,2024,27,2024-07-07,814,-26.0,-179.0,-42.0,0.0
DE-SN,00+,2024,28,2024-07-14,695,-146.0,-14.0,30.0,-17.0
DE-SN,00+,2024,29,2024-07-21,603,83.0,-52.0,-92.0,-19.0
DE-SN,00+,2024,30,2024-07-28,674,-6.0,-93.0,-34.0,0.0
DE-SN,00+,2024,31,2024-08-04,646,-111.0,-33.0,-17.0,0.0
DE-SN,00+,2024,32,2024-08-11,786,0.0,-26.0,0.0,11.0
DE-SN,00+,2024,33,2024-08-18,709,26.0,5.0,12.0,-38.0
DE-SN,00+,2024,34,2024-08-25,793,163.0,15.0,-49.0,0.0
DE-SN,00+,2024,35,2024-09-01,1045,78.0,-69.0,0.0,0.0
DE-SN,00+,2024,36,2024-09-08,1038,-101.0,36.0,0.0,0.0
DE-SN,00+,2024,37,2024-09-15,963,151.0,-24.0,0.0,
DE-SN,00+,2024,38,2024-09-22,1563,-130.0,0.0,,
DE-SN,00+,2024,39,2024-09-29,1256,12.0,,,
DE-SN,00+,2024,40,2024-10-06,1181,,,,
DE-ST,00+,2023,36,2023-09-10,895,103.0,15.0,0.0,0.0
DE-ST,00+,2023,37,2023-09-17,1065,34.0,3.0,0.0,0.0
DE-ST,00+,2023,38,2023-09-24,580,353.0,106.0,19.0,-48.0
DE-ST,00+,2023,39,2023-10-01,1547,-114.0,74.0,-8.0,0.0
DE-ST,00+,2023,40,2023-10-08,1018,158.0,-93.0,0.0,-42.0
DE-ST,00+,2023,41,2023-10-15,1662,-12.0,23.0,-173.0,0.0
DE-ST,00+,2023,42,2023-10-22,1474,-181.0,-80.0,-106.0,0.0
DE-ST,00+,2023,43,2023-10-29,1502,-521.0,-25.0,150.0,-81.0
DE-ST,00+,2023,44,2023-11-05,1166,260.0,-82.0,-55.0,0.0
DE-ST,00+,2023,45,2023-11-12,1651,-78.0,-8.0,0.0,0.0
DE-ST,00+,2023,46,2023-11-19,1736,209.0,0.0,0.0,-97.0
DE-ST,00+,2023,47,2023-11-26,1920,53.0,-132.0,182.0,0.0
DE-ST,00+,2023,48,2023-12-03,1875,-106.0,164.0,0.0,-39.0
DE-ST,00+,2023,49,2023-12-10,1860,240.0,0.0,381.0,0.0
DE-ST,00+,2023,50,2023-12-17,2258,0.0,317.0,0.0,-493.0
DE-ST,00+,2023,51,2023-12-24,0,2011.0,125.0,48.0,-99.0
DE-ST,00+,2023,52,2023-12-31,1421,-179.0,-185.0,-35.0,0.0
DE-ST,00+,2024,1,2024-01-07,916,268.0,27.0,0.0,0.0
DE-ST,00+,2024,2,2024-01-14,1356,127.0,16.0,0.0,0.0
DE-ST,00+,2024,3,2024-01-21,1875,-34.0,-125.0,0.0,0.0
DE-ST,00+,2024,4,2024-01-28,2701,-249.0,9.0,119.0,-107.0
DE-ST,00+,2024,5,2024-02-04,2634,-165.0,213.0,-14.0,-105.0
DE-ST,00+,2024,6,2024-02-11,1898,159.0,-23.0,-58.0,-51.0
DE-ST,00+,2024,7,2024-02-18,1727,211.0,-24.0,34.0,0.0
DE-ST,00+,2024,8,2024-02-25,1456,-20.0,-9.0,15.0,0.0
DE-ST,00+,2024,9,2024-03-03,1204,113.0,-55.0,0.0,0.0
DE-ST,00+,2024,10,2024-03-10,1047,63.0,119.0,0.0,-54.0
DE-ST,00+,2024,11,2024-03-17,958,338.0,7.0,61.0,0.0
DE-ST,00+,2024,12,2024-03-24,1210,0.0,158.0,48.0,0.0
DE-ST,00+,2024,13,2024-03-31,897,236.0,-51.0,-39.0,0.0
DE-ST,00+,2024,14,2024-04-07,1269,128.0,-73.0,0.0,0.0
DE-ST,00+,2024,15,2024-04-14,1579,42.0,0.0,0.0,0.0
DE-ST,00+,2024,16,2024-04-21,1077,0.0,40.0,0.0,0.0
DE-ST,00+,2024,17,2024-04-28,916,656.0,6.0,0.0,-62.0
DE-ST,00+,2024,18,2024-05-05,994,-34.0,0.0,41.0,0.0
DE-ST,00+,2024,19,2024-05-12,688,-170.0,108.0,105.0,0.0
DE-ST,00+,2024,20,2024-05-19,563,138.0,160.0,0.0,0.0
DE-ST,00+,2024,21,2024-05-26,571,-215.0,0.0,0.0,-56.0
DE-ST,00+,2024,22,2024-06-02,957,0.0,-3.0,-98.0,0.0
DE-ST,00+,2024,23,2024-06-09,762,5.0,141.0,40.0,0.0
DE-ST,00+,2024,24,2024-06-16,657,206.0,57.0,0.0,0.0
DE-ST,00+,2024,25,2024-06-23,1066,10.0,0.0,0.0,0.0
DE-ST,00+,2024,26,2024-06-30,918,53.0,0.0,-50.0,0.0
DE-ST,00+,2024,27,2024-07-07,1699,0.0,-460.0,0.0,-68.0
DE-ST,00+,2024,28,2024-07-14,910,-279.0,0.0,-81.0,0.0
DE-ST,00+,2024,29,2024-07-21,790,0.0,-132.0,0.0,-45.0
DE-ST,00+,2024,30,2024-07-28,616,-23.0,0.0,-160.0,0.0
DE-ST,00+,2024,31,2024-08-04,712,-153.0,-135.0,0.0,-38.0
DE-ST,00+,2024,32,2024-08-11,697,14.0,0.0,-65.0,1.0
DE-ST,00+,2024,33,2024-08-18,841,-48.0,-79.0,0.0,-30.0
DE-ST,00+,2024,34,2024-08-25,741,25.0,-27.0,71.0,-30.0
DE-ST,00+,2024,35,2024-09-01,776,62.0,70.0,-10.0,0.0
DE-ST,00+,2024,36,2024-09-08,1032,9.0,-16.0,0.0,0.0
DE-ST,00+,2024,37,2024-09-15,1296,-79.0,0.0,0.0,
DE-ST,00+,2024,38,2024-09-22,1791,172.0,0.0,,
DE-ST,00+,2024,39,2024-09-29,962,0.0,,,
DE-ST,00+,2024,40,2024-10-06,1192,,,,
DE-TH,00+,2023,36,2023-09-10,1320,-54.0,53.0,-23.0,0.0
DE-TH,00+,2023,37,2023-09-17,1273,77.0,25.0,-51.0,0.0
DE-TH,00+,2023,38,2023-09-24,901,-65.0,-18.0,0.0,0.0
DE-TH,00+,2023,39,2023-10-01,1192,116.0,32.0,-24.0,-62.0
DE-TH,00+,2023,40,2023-10-08,1152,-341.0,7.0,66.0,0.0
DE-TH,00+,2023,41,2023-10-15,1692,-298.0,-20.0,0.0,0.0
DE-TH,00+,2023,42,2023-10-22,1739,-38.0,4.0,5.0,0.0
DE-TH,00+,2023,43,2023-10-29,1669,-92.0,155.0,-3.0,0.0
DE-TH,00+,2023,44,2023-11-05,1447,118.0,4.0,0.0,0.0
DE-TH,00+,2023,45,2023-11-12,2435,-142.0,0.0,30.0,0.0
DE-TH,00+,2023,46,2023-11-19,2006,49.0,34.0,0.0,14.0
DE-TH,00+,2023,47,2023-11-26,2021,6.0,6.0,21.0,0.0
DE-TH,00+,2023,48,2023-12-03,2158,44.0,-55.0,0.0,0.0
DE-TH,00+,2023,49,2023-12-10,2277,-88.0,0.0,0.0,0.0
DE-TH,00+,2023,50,2023-12-17,1829,0.0,17.0,0.0,-37.0
DE-TH,00+,2023,51,2023-12-24,0,1691.0,185.0,123.0,0.0
DE-TH,00+,2023,52,2023-12-31,631,-93.0,-22.0,0.0,0.0
DE-TH,00+,2024,1,2024-01-07,1670,-108.0,0.0,1.0,0.0
DE-TH,00+,2024,2,2024-01-14,1593,-159.0,7.0,1.0,0.0
DE-TH,00+,2024,3,2024-01-21,1674,35.0,7.0,0.0,-106.0
DE-TH,00+,2024,4,2024-01-28,1804,19.0,0.0,72.0,0.0
DE-TH,00+,2024,5,2024-02-04,2382,-48.0,15.0,-19.0,0.0
DE-TH,00+,2024,6,2024-02-11,2286,-25.0,134.0,1.0,-33.0
DE-TH,00+,2024,7,2024-02-18,2061,-678.0,2.0,12.0,0.0
DE-TH,00+,2024,8,2024-02-25,2017,-87.0,122.0,0.0,0.0
DE-TH,00+,2024,9,2024-03-03,1566,8.0,81.0,46.0,0.0
DE-TH,00+,2024,10,2024-03-10,1536,-93.0,93.0,0.0,0.0
DE-TH,00+,2024,11,2024-03-17,1213,150.0,0.0,36.0,0.0
DE-TH,00+,2024,12,2024-03-24,1302,-12.0,-2.0,0.0,0.0
DE-TH,00+,2024,13,2024-03-31,702,-169.0,82.0,0.0,0.0
DE-TH,00+,2024,14,2024-04-07,1271,-233.0,0.0,0.0,0.0
DE-TH,00+,2024,15,2024-04-14,1123,69.0,38.0,0.0,0.0
DE-TH,00+,2024,16,2024-04-21,960,93.0,-23.0,0.0,0.0
DE-TH,00+,2024,17,2024-04-28,1022,-25.0,0.0,10.0,-13.0
DE-TH,00+,2024,18,2024-05-05,701,74.0,-11.0,-8.0,-29.0
DE-TH,00+,2024,19,2024-05-12,641,18.0,-7.0,64.0,-29.0
DE-TH,00+,2024,20,2024-05-19,697,128.0,109.0,74.0,0.0
DE-TH,00+,2024,21,2024-05-26,788,2.0,108.0,0.0,0.0
DE-TH,00+,2024,22,2024-06-02,780,57.0,0.0,0.0,0.0
DE-TH,00+,2024,23,2024-06-09,926,-23.0,38.0,4.0,-44.0
DE-TH,00+,2024,24,2024-06-16,819,120.0,-18.0,7.0,0.0
DE-TH,00+,2024,25,2024-06-23,1010,96.0,-87.0,0.0,-94.0
DE-TH,00+,2024,26,2024-06-30,1144,-94.0,0.0,-103.0,0.0
DE-TH,00+,2024,27,2024-07-07,634,194.0,-84.0,50.0,-17.0
DE-TH,00+,2024,28,2024-07-14,657,-95.0,-55.0,-116.0,0.0
DE-TH,00+,2024,29,2024-07-21,700,-67.0,-180.0,0.0,0.0
DE-TH,00+,2024,30,2024-07-28,850,-131.0,1.0,0.0,0.0
DE-TH,00+,2024,31,2024-08-04,642,28.0,0.0,0.0,0.0
DE-TH,00+,2024,32,2024-08-11,693,15.0,0.0,2.0,2.0
DE-TH,00+,2024,33,2024-08-18,682,-17.0,-46.0,2.0,0.0
DE-TH,00+,2024,34,2024-08-25,922,-135.0,5.0,0.0,0.0
DE-TH,00+,2024,35,2024-09-01,1103,-63.0,0.0,0.0,0.0
DE-TH,00+,2024,36,2024-09-08,1072,178.0,10.0,6.0,0.0
DE-TH,00+,2024,37,2024-09-15,1545,7.0,-238.0,-61.0,
DE-TH,00+,2024,38,2024-09-22,1162,-71.0,0.0,,
DE-TH,00+,2024,39,2024-09-29,1140,23.0,,,
DE-TH,00+,2024,40,2024-10-06,947,,,,
